ERROR - 2026-01-05 21:28:57 --> Error connecting to the database: mysqli_sql_exception: No se puede establecer una conexión ya que el equipo de destino denegó expresamente dicha conexión in C:\xampp\htdocs\dietabackweb\system\Database\MySQLi\Connection.php:201
Stack trace:
#0 C:\xampp\htdocs\dietabackweb\system\Database\MySQLi\Connection.php(201): mysqli->real_connect('localhost', 'root', Object(SensitiveParameterValue), 'auction_bids', 3306, '', 0)
#1 C:\xampp\htdocs\dietabackweb\system\Database\BaseConnection.php(421): CodeIgniter\Database\MySQLi\Connection->connect(false)
#2 C:\xampp\htdocs\dietabackweb\system\Database\BaseConnection.php(620): CodeIgniter\Database\BaseConnection->initialize()
#3 C:\xampp\htdocs\dietabackweb\system\Database\BaseBuilder.php(1649): CodeIgniter\Database\BaseConnection->query('SELECT `p`.`idP...', Array, false)
#4 C:\xampp\htdocs\dietabackweb\app\Controllers\CartController.php(51): CodeIgniter\Database\BaseBuilder->get()
#5 C:\xampp\htdocs\dietabackweb\system\CodeIgniter.php(933): App\Controllers\CartController->getCart('9')
#6 C:\xampp\htdocs\dietabackweb\system\CodeIgniter.php(507): CodeIgniter\CodeIgniter->runController(Object(App\Controllers\CartController))
#7 C:\xampp\htdocs\dietabackweb\system\CodeIgniter.php(354): CodeIgniter\CodeIgniter->handleRequest(NULL, Object(Config\Cache), false)
#8 C:\xampp\htdocs\dietabackweb\system\Boot.php(334): CodeIgniter\CodeIgniter->run()
#9 C:\xampp\htdocs\dietabackweb\system\Boot.php(67): CodeIgniter\Boot::runCodeIgniter(Object(CodeIgniter\CodeIgniter))
#10 C:\xampp\htdocs\dietabackweb\public\index.php(63): CodeIgniter\Boot::bootWeb(Object(Config\Paths))
#11 C:\xampp\htdocs\dietabackweb\system\rewrite.php(44): require_once('C:\\xampp\\htdocs...')
#12 {main}

Next CodeIgniter\Database\Exceptions\DatabaseException: No se puede establecer una conexión ya que el equipo de destino denegó expresamente dicha conexión in C:\xampp\htdocs\dietabackweb\system\Database\MySQLi\Connection.php:246
Stack trace:
#0 C:\xampp\htdocs\dietabackweb\system\Database\BaseConnection.php(421): CodeIgniter\Database\MySQLi\Connection->connect(false)
#1 C:\xampp\htdocs\dietabackweb\system\Database\BaseConnection.php(620): CodeIgniter\Database\BaseConnection->initialize()
#2 C:\xampp\htdocs\dietabackweb\system\Database\BaseBuilder.php(1649): CodeIgniter\Database\BaseConnection->query('SELECT `p`.`idP...', Array, false)
#3 C:\xampp\htdocs\dietabackweb\app\Controllers\CartController.php(51): CodeIgniter\Database\BaseBuilder->get()
#4 C:\xampp\htdocs\dietabackweb\system\CodeIgniter.php(933): App\Controllers\CartController->getCart('9')
#5 C:\xampp\htdocs\dietabackweb\system\CodeIgniter.php(507): CodeIgniter\CodeIgniter->runController(Object(App\Controllers\CartController))
#6 C:\xampp\htdocs\dietabackweb\system\CodeIgniter.php(354): CodeIgniter\CodeIgniter->handleRequest(NULL, Object(Config\Cache), false)
#7 C:\xampp\htdocs\dietabackweb\system\Boot.php(334): CodeIgniter\CodeIgniter->run()
#8 C:\xampp\htdocs\dietabackweb\system\Boot.php(67): CodeIgniter\Boot::runCodeIgniter(Object(CodeIgniter\CodeIgniter))
#9 C:\xampp\htdocs\dietabackweb\public\index.php(63): CodeIgniter\Boot::bootWeb(Object(Config\Paths))
#10 C:\xampp\htdocs\dietabackweb\system\rewrite.php(44): require_once('C:\\xampp\\htdocs...')
#11 {main}
CRITICAL - 2026-01-05 21:28:57 --> CodeIgniter\Database\Exceptions\DatabaseException: Unable to connect to the database.
Main connection [MySQLi]: No se puede establecer una conexión ya que el equipo de destino denegó expresamente dicha conexión
[Method: GET, Route: cart/get/9]
in SYSTEMPATH\Database\BaseConnection.php on line 467.
 1 SYSTEMPATH\Database\BaseConnection.php(620): CodeIgniter\Database\BaseConnection->initialize()
 2 SYSTEMPATH\Database\BaseBuilder.php(1649): CodeIgniter\Database\BaseConnection->query('SELECT `p`.`idProduct`, `p`.`description`, `p`.`price`, `p`.`name`, `c`.`idCart`, MIN(i.url) AS image_url
FROM `cart` `c`
LEFT JOIN `products` `p` ON `c`.`idProduct` = `p`.`idProduct`
LEFT JOIN `users` `u` ON `c`.`idUser` = `u`.`idUser`
LEFT JOIN `images` `i` ON `c`.`idProduct` = `i`.`idProduct`
WHERE `c`.`idUser` = :c.idUser:
GROUP BY `p`.`idProduct`, `p`.`description`, `p`.`price`, `p`.`name`, `c`.`idCart`', [...], false)
 3 APPPATH\Controllers\CartController.php(51): CodeIgniter\Database\BaseBuilder->get()
 4 SYSTEMPATH\CodeIgniter.php(933): App\Controllers\CartController->getCart('9')
 5 SYSTEMPATH\CodeIgniter.php(507): CodeIgniter\CodeIgniter->runController(Object(App\Controllers\CartController))
 6 SYSTEMPATH\CodeIgniter.php(354): CodeIgniter\CodeIgniter->handleRequest(null, Object(Config\Cache), false)
 7 SYSTEMPATH\Boot.php(334): CodeIgniter\CodeIgniter->run()
 8 SYSTEMPATH\Boot.php(67): CodeIgniter\Boot::runCodeIgniter(Object(CodeIgniter\CodeIgniter))
 9 FCPATH\index.php(63): CodeIgniter\Boot::bootWeb(Object(Config\Paths))
10 SYSTEMPATH\rewrite.php(44): require_once('C:\\xampp\\htdocs\\dietabackweb\\public\\index.php')
ERROR - 2026-01-05 21:29:02 --> Error connecting to the database: mysqli_sql_exception: No se puede establecer una conexión ya que el equipo de destino denegó expresamente dicha conexión in C:\xampp\htdocs\dietabackweb\system\Database\MySQLi\Connection.php:201
Stack trace:
#0 C:\xampp\htdocs\dietabackweb\system\Database\MySQLi\Connection.php(201): mysqli->real_connect('localhost', 'root', Object(SensitiveParameterValue), 'auction_bids', 3306, '', 0)
#1 C:\xampp\htdocs\dietabackweb\system\Database\BaseConnection.php(421): CodeIgniter\Database\MySQLi\Connection->connect(false)
#2 C:\xampp\htdocs\dietabackweb\system\Database\BaseConnection.php(620): CodeIgniter\Database\BaseConnection->initialize()
#3 C:\xampp\htdocs\dietabackweb\system\Database\BaseBuilder.php(1649): CodeIgniter\Database\BaseConnection->query('SELECT `p`.`idP...', Array, false)
#4 C:\xampp\htdocs\dietabackweb\app\Controllers\WishListController.php(53): CodeIgniter\Database\BaseBuilder->get()
#5 C:\xampp\htdocs\dietabackweb\system\CodeIgniter.php(933): App\Controllers\WishListController->getWishList('9')
#6 C:\xampp\htdocs\dietabackweb\system\CodeIgniter.php(507): CodeIgniter\CodeIgniter->runController(Object(App\Controllers\WishListController))
#7 C:\xampp\htdocs\dietabackweb\system\CodeIgniter.php(354): CodeIgniter\CodeIgniter->handleRequest(NULL, Object(Config\Cache), false)
#8 C:\xampp\htdocs\dietabackweb\system\Boot.php(334): CodeIgniter\CodeIgniter->run()
#9 C:\xampp\htdocs\dietabackweb\system\Boot.php(67): CodeIgniter\Boot::runCodeIgniter(Object(CodeIgniter\CodeIgniter))
#10 C:\xampp\htdocs\dietabackweb\public\index.php(63): CodeIgniter\Boot::bootWeb(Object(Config\Paths))
#11 C:\xampp\htdocs\dietabackweb\system\rewrite.php(44): require_once('C:\\xampp\\htdocs...')
#12 {main}

Next CodeIgniter\Database\Exceptions\DatabaseException: No se puede establecer una conexión ya que el equipo de destino denegó expresamente dicha conexión in C:\xampp\htdocs\dietabackweb\system\Database\MySQLi\Connection.php:246
Stack trace:
#0 C:\xampp\htdocs\dietabackweb\system\Database\BaseConnection.php(421): CodeIgniter\Database\MySQLi\Connection->connect(false)
#1 C:\xampp\htdocs\dietabackweb\system\Database\BaseConnection.php(620): CodeIgniter\Database\BaseConnection->initialize()
#2 C:\xampp\htdocs\dietabackweb\system\Database\BaseBuilder.php(1649): CodeIgniter\Database\BaseConnection->query('SELECT `p`.`idP...', Array, false)
#3 C:\xampp\htdocs\dietabackweb\app\Controllers\WishListController.php(53): CodeIgniter\Database\BaseBuilder->get()
#4 C:\xampp\htdocs\dietabackweb\system\CodeIgniter.php(933): App\Controllers\WishListController->getWishList('9')
#5 C:\xampp\htdocs\dietabackweb\system\CodeIgniter.php(507): CodeIgniter\CodeIgniter->runController(Object(App\Controllers\WishListController))
#6 C:\xampp\htdocs\dietabackweb\system\CodeIgniter.php(354): CodeIgniter\CodeIgniter->handleRequest(NULL, Object(Config\Cache), false)
#7 C:\xampp\htdocs\dietabackweb\system\Boot.php(334): CodeIgniter\CodeIgniter->run()
#8 C:\xampp\htdocs\dietabackweb\system\Boot.php(67): CodeIgniter\Boot::runCodeIgniter(Object(CodeIgniter\CodeIgniter))
#9 C:\xampp\htdocs\dietabackweb\public\index.php(63): CodeIgniter\Boot::bootWeb(Object(Config\Paths))
#10 C:\xampp\htdocs\dietabackweb\system\rewrite.php(44): require_once('C:\\xampp\\htdocs...')
#11 {main}
CRITICAL - 2026-01-05 21:29:02 --> CodeIgniter\Database\Exceptions\DatabaseException: Unable to connect to the database.
Main connection [MySQLi]: No se puede establecer una conexión ya que el equipo de destino denegó expresamente dicha conexión
[Method: GET, Route: wishlist/get/9]
in SYSTEMPATH\Database\BaseConnection.php on line 467.
 1 SYSTEMPATH\Database\BaseConnection.php(620): CodeIgniter\Database\BaseConnection->initialize()
 2 SYSTEMPATH\Database\BaseBuilder.php(1649): CodeIgniter\Database\BaseConnection->query('SELECT `p`.`idProduct`, `p`.`description`, `u`.`name` AS `userName`, `u`.`lastName`, `u`.`email`, `p`.`name`, `p`.`price`, `c`.`idWishList`, MIN(i.url) AS image_url
FROM `wishlist` `c`
LEFT JOIN `products` `p` ON `c`.`idProduct` = `p`.`idProduct`
LEFT JOIN `users` `u` ON `c`.`idUser` = `u`.`idUser`
LEFT JOIN `images` `i` ON `c`.`idProduct` = `i`.`idProduct`
WHERE `c`.`idUser` = :c.idUser:
AND `p`.`status` = :p.status:
GROUP BY `p`.`idProduct`, `p`.`description`, `p`.`name`, `p`.`price`, `c`.`idWishList`, `u`.`lastName`, `u`.`email`', [...], false)
 3 APPPATH\Controllers\WishListController.php(53): CodeIgniter\Database\BaseBuilder->get()
 4 SYSTEMPATH\CodeIgniter.php(933): App\Controllers\WishListController->getWishList('9')
 5 SYSTEMPATH\CodeIgniter.php(507): CodeIgniter\CodeIgniter->runController(Object(App\Controllers\WishListController))
 6 SYSTEMPATH\CodeIgniter.php(354): CodeIgniter\CodeIgniter->handleRequest(null, Object(Config\Cache), false)
 7 SYSTEMPATH\Boot.php(334): CodeIgniter\CodeIgniter->run()
 8 SYSTEMPATH\Boot.php(67): CodeIgniter\Boot::runCodeIgniter(Object(CodeIgniter\CodeIgniter))
 9 FCPATH\index.php(63): CodeIgniter\Boot::bootWeb(Object(Config\Paths))
10 SYSTEMPATH\rewrite.php(44): require_once('C:\\xampp\\htdocs\\dietabackweb\\public\\index.php')
ERROR - 2026-01-05 21:29:06 --> Error connecting to the database: mysqli_sql_exception: No se puede establecer una conexión ya que el equipo de destino denegó expresamente dicha conexión in C:\xampp\htdocs\dietabackweb\system\Database\MySQLi\Connection.php:201
Stack trace:
#0 C:\xampp\htdocs\dietabackweb\system\Database\MySQLi\Connection.php(201): mysqli->real_connect('localhost', 'root', Object(SensitiveParameterValue), 'auction_bids', 3306, '', 0)
#1 C:\xampp\htdocs\dietabackweb\system\Database\BaseConnection.php(421): CodeIgniter\Database\MySQLi\Connection->connect(false)
#2 C:\xampp\htdocs\dietabackweb\system\Database\BaseConnection.php(620): CodeIgniter\Database\BaseConnection->initialize()
#3 C:\xampp\htdocs\dietabackweb\system\Database\BaseBuilder.php(1649): CodeIgniter\Database\BaseConnection->query('SELECT *\nFROM `...', Array, false)
#4 C:\xampp\htdocs\dietabackweb\system\Model.php(286): CodeIgniter\Database\BaseBuilder->get()
#5 C:\xampp\htdocs\dietabackweb\system\BaseModel.php(675): CodeIgniter\Model->doFindAll(0, 0)
#6 C:\xampp\htdocs\dietabackweb\app\Controllers\BannersController.php(20): CodeIgniter\BaseModel->findAll()
#7 C:\xampp\htdocs\dietabackweb\system\CodeIgniter.php(933): App\Controllers\BannersController->index()
#8 C:\xampp\htdocs\dietabackweb\system\CodeIgniter.php(507): CodeIgniter\CodeIgniter->runController(Object(App\Controllers\BannersController))
#9 C:\xampp\htdocs\dietabackweb\system\CodeIgniter.php(354): CodeIgniter\CodeIgniter->handleRequest(NULL, Object(Config\Cache), false)
#10 C:\xampp\htdocs\dietabackweb\system\Boot.php(334): CodeIgniter\CodeIgniter->run()
#11 C:\xampp\htdocs\dietabackweb\system\Boot.php(67): CodeIgniter\Boot::runCodeIgniter(Object(CodeIgniter\CodeIgniter))
#12 C:\xampp\htdocs\dietabackweb\public\index.php(63): CodeIgniter\Boot::bootWeb(Object(Config\Paths))
#13 C:\xampp\htdocs\dietabackweb\system\rewrite.php(44): require_once('C:\\xampp\\htdocs...')
#14 {main}

Next CodeIgniter\Database\Exceptions\DatabaseException: No se puede establecer una conexión ya que el equipo de destino denegó expresamente dicha conexión in C:\xampp\htdocs\dietabackweb\system\Database\MySQLi\Connection.php:246
Stack trace:
#0 C:\xampp\htdocs\dietabackweb\system\Database\BaseConnection.php(421): CodeIgniter\Database\MySQLi\Connection->connect(false)
#1 C:\xampp\htdocs\dietabackweb\system\Database\BaseConnection.php(620): CodeIgniter\Database\BaseConnection->initialize()
#2 C:\xampp\htdocs\dietabackweb\system\Database\BaseBuilder.php(1649): CodeIgniter\Database\BaseConnection->query('SELECT *\nFROM `...', Array, false)
#3 C:\xampp\htdocs\dietabackweb\system\Model.php(286): CodeIgniter\Database\BaseBuilder->get()
#4 C:\xampp\htdocs\dietabackweb\system\BaseModel.php(675): CodeIgniter\Model->doFindAll(0, 0)
#5 C:\xampp\htdocs\dietabackweb\app\Controllers\BannersController.php(20): CodeIgniter\BaseModel->findAll()
#6 C:\xampp\htdocs\dietabackweb\system\CodeIgniter.php(933): App\Controllers\BannersController->index()
#7 C:\xampp\htdocs\dietabackweb\system\CodeIgniter.php(507): CodeIgniter\CodeIgniter->runController(Object(App\Controllers\BannersController))
#8 C:\xampp\htdocs\dietabackweb\system\CodeIgniter.php(354): CodeIgniter\CodeIgniter->handleRequest(NULL, Object(Config\Cache), false)
#9 C:\xampp\htdocs\dietabackweb\system\Boot.php(334): CodeIgniter\CodeIgniter->run()
#10 C:\xampp\htdocs\dietabackweb\system\Boot.php(67): CodeIgniter\Boot::runCodeIgniter(Object(CodeIgniter\CodeIgniter))
#11 C:\xampp\htdocs\dietabackweb\public\index.php(63): CodeIgniter\Boot::bootWeb(Object(Config\Paths))
#12 C:\xampp\htdocs\dietabackweb\system\rewrite.php(44): require_once('C:\\xampp\\htdocs...')
#13 {main}
CRITICAL - 2026-01-05 21:29:06 --> CodeIgniter\Database\Exceptions\DatabaseException: Unable to connect to the database.
Main connection [MySQLi]: No se puede establecer una conexión ya que el equipo de destino denegó expresamente dicha conexión
[Method: GET, Route: banners]
in SYSTEMPATH\Database\BaseConnection.php on line 467.
 1 SYSTEMPATH\Database\BaseConnection.php(620): CodeIgniter\Database\BaseConnection->initialize()
 2 SYSTEMPATH\Database\BaseBuilder.php(1649): CodeIgniter\Database\BaseConnection->query('SELECT *
FROM `banners`', [], false)
 3 SYSTEMPATH\Model.php(286): CodeIgniter\Database\BaseBuilder->get()
 4 SYSTEMPATH\BaseModel.php(675): CodeIgniter\Model->doFindAll(0, 0)
 5 APPPATH\Controllers\BannersController.php(20): CodeIgniter\BaseModel->findAll()
 6 SYSTEMPATH\CodeIgniter.php(933): App\Controllers\BannersController->index()
 7 SYSTEMPATH\CodeIgniter.php(507): CodeIgniter\CodeIgniter->runController(Object(App\Controllers\BannersController))
 8 SYSTEMPATH\CodeIgniter.php(354): CodeIgniter\CodeIgniter->handleRequest(null, Object(Config\Cache), false)
 9 SYSTEMPATH\Boot.php(334): CodeIgniter\CodeIgniter->run()
10 SYSTEMPATH\Boot.php(67): CodeIgniter\Boot::runCodeIgniter(Object(CodeIgniter\CodeIgniter))
11 FCPATH\index.php(63): CodeIgniter\Boot::bootWeb(Object(Config\Paths))
12 SYSTEMPATH\rewrite.php(44): require_once('C:\\xampp\\htdocs\\dietabackweb\\public\\index.php')
ERROR - 2026-01-05 21:29:11 --> Error connecting to the database: mysqli_sql_exception: No se puede establecer una conexión ya que el equipo de destino denegó expresamente dicha conexión in C:\xampp\htdocs\dietabackweb\system\Database\MySQLi\Connection.php:201
Stack trace:
#0 C:\xampp\htdocs\dietabackweb\system\Database\MySQLi\Connection.php(201): mysqli->real_connect('localhost', 'root', Object(SensitiveParameterValue), 'auction_bids', 3306, '', 0)
#1 C:\xampp\htdocs\dietabackweb\system\Database\BaseConnection.php(421): CodeIgniter\Database\MySQLi\Connection->connect(false)
#2 C:\xampp\htdocs\dietabackweb\system\Database\BaseConnection.php(620): CodeIgniter\Database\BaseConnection->initialize()
#3 C:\xampp\htdocs\dietabackweb\system\Database\BaseBuilder.php(1649): CodeIgniter\Database\BaseConnection->query('SELECT `c`.`idC...', Array, false)
#4 C:\xampp\htdocs\dietabackweb\app\Controllers\CategoriesController.php(33): CodeIgniter\Database\BaseBuilder->get()
#5 C:\xampp\htdocs\dietabackweb\system\CodeIgniter.php(933): App\Controllers\CategoriesController->getCategories()
#6 C:\xampp\htdocs\dietabackweb\system\CodeIgniter.php(507): CodeIgniter\CodeIgniter->runController(Object(App\Controllers\CategoriesController))
#7 C:\xampp\htdocs\dietabackweb\system\CodeIgniter.php(354): CodeIgniter\CodeIgniter->handleRequest(NULL, Object(Config\Cache), false)
#8 C:\xampp\htdocs\dietabackweb\system\Boot.php(334): CodeIgniter\CodeIgniter->run()
#9 C:\xampp\htdocs\dietabackweb\system\Boot.php(67): CodeIgniter\Boot::runCodeIgniter(Object(CodeIgniter\CodeIgniter))
#10 C:\xampp\htdocs\dietabackweb\public\index.php(63): CodeIgniter\Boot::bootWeb(Object(Config\Paths))
#11 C:\xampp\htdocs\dietabackweb\system\rewrite.php(44): require_once('C:\\xampp\\htdocs...')
#12 {main}

Next CodeIgniter\Database\Exceptions\DatabaseException: No se puede establecer una conexión ya que el equipo de destino denegó expresamente dicha conexión in C:\xampp\htdocs\dietabackweb\system\Database\MySQLi\Connection.php:246
Stack trace:
#0 C:\xampp\htdocs\dietabackweb\system\Database\BaseConnection.php(421): CodeIgniter\Database\MySQLi\Connection->connect(false)
#1 C:\xampp\htdocs\dietabackweb\system\Database\BaseConnection.php(620): CodeIgniter\Database\BaseConnection->initialize()
#2 C:\xampp\htdocs\dietabackweb\system\Database\BaseBuilder.php(1649): CodeIgniter\Database\BaseConnection->query('SELECT `c`.`idC...', Array, false)
#3 C:\xampp\htdocs\dietabackweb\app\Controllers\CategoriesController.php(33): CodeIgniter\Database\BaseBuilder->get()
#4 C:\xampp\htdocs\dietabackweb\system\CodeIgniter.php(933): App\Controllers\CategoriesController->getCategories()
#5 C:\xampp\htdocs\dietabackweb\system\CodeIgniter.php(507): CodeIgniter\CodeIgniter->runController(Object(App\Controllers\CategoriesController))
#6 C:\xampp\htdocs\dietabackweb\system\CodeIgniter.php(354): CodeIgniter\CodeIgniter->handleRequest(NULL, Object(Config\Cache), false)
#7 C:\xampp\htdocs\dietabackweb\system\Boot.php(334): CodeIgniter\CodeIgniter->run()
#8 C:\xampp\htdocs\dietabackweb\system\Boot.php(67): CodeIgniter\Boot::runCodeIgniter(Object(CodeIgniter\CodeIgniter))
#9 C:\xampp\htdocs\dietabackweb\public\index.php(63): CodeIgniter\Boot::bootWeb(Object(Config\Paths))
#10 C:\xampp\htdocs\dietabackweb\system\rewrite.php(44): require_once('C:\\xampp\\htdocs...')
#11 {main}
CRITICAL - 2026-01-05 21:29:11 --> CodeIgniter\Database\Exceptions\DatabaseException: Unable to connect to the database.
Main connection [MySQLi]: No se puede establecer una conexión ya que el equipo de destino denegó expresamente dicha conexión
[Method: GET, Route: categories/active]
in SYSTEMPATH\Database\BaseConnection.php on line 467.
 1 SYSTEMPATH\Database\BaseConnection.php(620): CodeIgniter\Database\BaseConnection->initialize()
 2 SYSTEMPATH\Database\BaseBuilder.php(1649): CodeIgniter\Database\BaseConnection->query('SELECT `c`.`idCategory`, `c`.`name`, `c`.`image`, `c`.`url`, COUNT(p.idProduct) AS total_productos
FROM `categories` `c`
LEFT JOIN `products` `p` ON `c`.`idCategory` = `p`.`idCategory` and `p`.`status` = 1
GROUP BY `c`.`idCategory`, `c`.`name`, `c`.`image`, `c`.`url`', [], false)
 3 APPPATH\Controllers\CategoriesController.php(33): CodeIgniter\Database\BaseBuilder->get()
 4 SYSTEMPATH\CodeIgniter.php(933): App\Controllers\CategoriesController->getCategories()
 5 SYSTEMPATH\CodeIgniter.php(507): CodeIgniter\CodeIgniter->runController(Object(App\Controllers\CategoriesController))
 6 SYSTEMPATH\CodeIgniter.php(354): CodeIgniter\CodeIgniter->handleRequest(null, Object(Config\Cache), false)
 7 SYSTEMPATH\Boot.php(334): CodeIgniter\CodeIgniter->run()
 8 SYSTEMPATH\Boot.php(67): CodeIgniter\Boot::runCodeIgniter(Object(CodeIgniter\CodeIgniter))
 9 FCPATH\index.php(63): CodeIgniter\Boot::bootWeb(Object(Config\Paths))
10 SYSTEMPATH\rewrite.php(44): require_once('C:\\xampp\\htdocs\\dietabackweb\\public\\index.php')
ERROR - 2026-01-05 21:29:15 --> Error connecting to the database: mysqli_sql_exception: No se puede establecer una conexión ya que el equipo de destino denegó expresamente dicha conexión in C:\xampp\htdocs\dietabackweb\system\Database\MySQLi\Connection.php:201
Stack trace:
#0 C:\xampp\htdocs\dietabackweb\system\Database\MySQLi\Connection.php(201): mysqli->real_connect('localhost', 'root', Object(SensitiveParameterValue), 'auction_bids', 3306, '', 0)
#1 C:\xampp\htdocs\dietabackweb\system\Database\BaseConnection.php(421): CodeIgniter\Database\MySQLi\Connection->connect(false)
#2 C:\xampp\htdocs\dietabackweb\system\Database\BaseConnection.php(620): CodeIgniter\Database\BaseConnection->initialize()
#3 C:\xampp\htdocs\dietabackweb\system\Database\BaseBuilder.php(1649): CodeIgniter\Database\BaseConnection->query('SELECT `p`.`idP...', Array, false)
#4 C:\xampp\htdocs\dietabackweb\app\Controllers\ProductsController.php(73): CodeIgniter\Database\BaseBuilder->get()
#5 C:\xampp\htdocs\dietabackweb\system\CodeIgniter.php(933): App\Controllers\ProductsController->getProductsImage()
#6 C:\xampp\htdocs\dietabackweb\system\CodeIgniter.php(507): CodeIgniter\CodeIgniter->runController(Object(App\Controllers\ProductsController))
#7 C:\xampp\htdocs\dietabackweb\system\CodeIgniter.php(354): CodeIgniter\CodeIgniter->handleRequest(NULL, Object(Config\Cache), false)
#8 C:\xampp\htdocs\dietabackweb\system\Boot.php(334): CodeIgniter\CodeIgniter->run()
#9 C:\xampp\htdocs\dietabackweb\system\Boot.php(67): CodeIgniter\Boot::runCodeIgniter(Object(CodeIgniter\CodeIgniter))
#10 C:\xampp\htdocs\dietabackweb\public\index.php(63): CodeIgniter\Boot::bootWeb(Object(Config\Paths))
#11 C:\xampp\htdocs\dietabackweb\system\rewrite.php(44): require_once('C:\\xampp\\htdocs...')
#12 {main}

Next CodeIgniter\Database\Exceptions\DatabaseException: No se puede establecer una conexión ya que el equipo de destino denegó expresamente dicha conexión in C:\xampp\htdocs\dietabackweb\system\Database\MySQLi\Connection.php:246
Stack trace:
#0 C:\xampp\htdocs\dietabackweb\system\Database\BaseConnection.php(421): CodeIgniter\Database\MySQLi\Connection->connect(false)
#1 C:\xampp\htdocs\dietabackweb\system\Database\BaseConnection.php(620): CodeIgniter\Database\BaseConnection->initialize()
#2 C:\xampp\htdocs\dietabackweb\system\Database\BaseBuilder.php(1649): CodeIgniter\Database\BaseConnection->query('SELECT `p`.`idP...', Array, false)
#3 C:\xampp\htdocs\dietabackweb\app\Controllers\ProductsController.php(73): CodeIgniter\Database\BaseBuilder->get()
#4 C:\xampp\htdocs\dietabackweb\system\CodeIgniter.php(933): App\Controllers\ProductsController->getProductsImage()
#5 C:\xampp\htdocs\dietabackweb\system\CodeIgniter.php(507): CodeIgniter\CodeIgniter->runController(Object(App\Controllers\ProductsController))
#6 C:\xampp\htdocs\dietabackweb\system\CodeIgniter.php(354): CodeIgniter\CodeIgniter->handleRequest(NULL, Object(Config\Cache), false)
#7 C:\xampp\htdocs\dietabackweb\system\Boot.php(334): CodeIgniter\CodeIgniter->run()
#8 C:\xampp\htdocs\dietabackweb\system\Boot.php(67): CodeIgniter\Boot::runCodeIgniter(Object(CodeIgniter\CodeIgniter))
#9 C:\xampp\htdocs\dietabackweb\public\index.php(63): CodeIgniter\Boot::bootWeb(Object(Config\Paths))
#10 C:\xampp\htdocs\dietabackweb\system\rewrite.php(44): require_once('C:\\xampp\\htdocs...')
#11 {main}
CRITICAL - 2026-01-05 21:29:15 --> CodeIgniter\Database\Exceptions\DatabaseException: Unable to connect to the database.
Main connection [MySQLi]: No se puede establecer una conexión ya que el equipo de destino denegó expresamente dicha conexión
[Method: GET, Route: products/categories]
in SYSTEMPATH\Database\BaseConnection.php on line 467.
 1 SYSTEMPATH\Database\BaseConnection.php(620): CodeIgniter\Database\BaseConnection->initialize()
 2 SYSTEMPATH\Database\BaseBuilder.php(1649): CodeIgniter\Database\BaseConnection->query('SELECT `p`.`idProduct`, `p`.`name`, `p`.`price`, MIN(i.url) AS image_url, `p`.`description`
FROM `products` `p`
LEFT JOIN `images` `i` ON `p`.`idProduct` = `i`.`idProduct`
WHERE `p`.`status` = :p.status:
GROUP BY `p`.`idProduct`, `p`.`name`, `p`.`price`, `p`.`description`
ORDER BY `p`.`idProduct` DESC', [...], false)
 3 APPPATH\Controllers\ProductsController.php(73): CodeIgniter\Database\BaseBuilder->get()
 4 SYSTEMPATH\CodeIgniter.php(933): App\Controllers\ProductsController->getProductsImage()
 5 SYSTEMPATH\CodeIgniter.php(507): CodeIgniter\CodeIgniter->runController(Object(App\Controllers\ProductsController))
 6 SYSTEMPATH\CodeIgniter.php(354): CodeIgniter\CodeIgniter->handleRequest(null, Object(Config\Cache), false)
 7 SYSTEMPATH\Boot.php(334): CodeIgniter\CodeIgniter->run()
 8 SYSTEMPATH\Boot.php(67): CodeIgniter\Boot::runCodeIgniter(Object(CodeIgniter\CodeIgniter))
 9 FCPATH\index.php(63): CodeIgniter\Boot::bootWeb(Object(Config\Paths))
10 SYSTEMPATH\rewrite.php(44): require_once('C:\\xampp\\htdocs\\dietabackweb\\public\\index.php')
ERROR - 2026-01-05 21:29:19 --> Error connecting to the database: mysqli_sql_exception: No se puede establecer una conexión ya que el equipo de destino denegó expresamente dicha conexión in C:\xampp\htdocs\dietabackweb\system\Database\MySQLi\Connection.php:201
Stack trace:
#0 C:\xampp\htdocs\dietabackweb\system\Database\MySQLi\Connection.php(201): mysqli->real_connect('localhost', 'root', Object(SensitiveParameterValue), 'auction_bids', 3306, '', 0)
#1 C:\xampp\htdocs\dietabackweb\system\Database\BaseConnection.php(421): CodeIgniter\Database\MySQLi\Connection->connect(false)
#2 C:\xampp\htdocs\dietabackweb\system\Database\BaseConnection.php(620): CodeIgniter\Database\BaseConnection->initialize()
#3 C:\xampp\htdocs\dietabackweb\system\Database\BaseBuilder.php(1649): CodeIgniter\Database\BaseConnection->query('SELECT `p`.`idP...', Array, false)
#4 C:\xampp\htdocs\dietabackweb\app\Controllers\CartController.php(51): CodeIgniter\Database\BaseBuilder->get()
#5 C:\xampp\htdocs\dietabackweb\system\CodeIgniter.php(933): App\Controllers\CartController->getCart('9')
#6 C:\xampp\htdocs\dietabackweb\system\CodeIgniter.php(507): CodeIgniter\CodeIgniter->runController(Object(App\Controllers\CartController))
#7 C:\xampp\htdocs\dietabackweb\system\CodeIgniter.php(354): CodeIgniter\CodeIgniter->handleRequest(NULL, Object(Config\Cache), false)
#8 C:\xampp\htdocs\dietabackweb\system\Boot.php(334): CodeIgniter\CodeIgniter->run()
#9 C:\xampp\htdocs\dietabackweb\system\Boot.php(67): CodeIgniter\Boot::runCodeIgniter(Object(CodeIgniter\CodeIgniter))
#10 C:\xampp\htdocs\dietabackweb\public\index.php(63): CodeIgniter\Boot::bootWeb(Object(Config\Paths))
#11 C:\xampp\htdocs\dietabackweb\system\rewrite.php(44): require_once('C:\\xampp\\htdocs...')
#12 {main}

Next CodeIgniter\Database\Exceptions\DatabaseException: No se puede establecer una conexión ya que el equipo de destino denegó expresamente dicha conexión in C:\xampp\htdocs\dietabackweb\system\Database\MySQLi\Connection.php:246
Stack trace:
#0 C:\xampp\htdocs\dietabackweb\system\Database\BaseConnection.php(421): CodeIgniter\Database\MySQLi\Connection->connect(false)
#1 C:\xampp\htdocs\dietabackweb\system\Database\BaseConnection.php(620): CodeIgniter\Database\BaseConnection->initialize()
#2 C:\xampp\htdocs\dietabackweb\system\Database\BaseBuilder.php(1649): CodeIgniter\Database\BaseConnection->query('SELECT `p`.`idP...', Array, false)
#3 C:\xampp\htdocs\dietabackweb\app\Controllers\CartController.php(51): CodeIgniter\Database\BaseBuilder->get()
#4 C:\xampp\htdocs\dietabackweb\system\CodeIgniter.php(933): App\Controllers\CartController->getCart('9')
#5 C:\xampp\htdocs\dietabackweb\system\CodeIgniter.php(507): CodeIgniter\CodeIgniter->runController(Object(App\Controllers\CartController))
#6 C:\xampp\htdocs\dietabackweb\system\CodeIgniter.php(354): CodeIgniter\CodeIgniter->handleRequest(NULL, Object(Config\Cache), false)
#7 C:\xampp\htdocs\dietabackweb\system\Boot.php(334): CodeIgniter\CodeIgniter->run()
#8 C:\xampp\htdocs\dietabackweb\system\Boot.php(67): CodeIgniter\Boot::runCodeIgniter(Object(CodeIgniter\CodeIgniter))
#9 C:\xampp\htdocs\dietabackweb\public\index.php(63): CodeIgniter\Boot::bootWeb(Object(Config\Paths))
#10 C:\xampp\htdocs\dietabackweb\system\rewrite.php(44): require_once('C:\\xampp\\htdocs...')
#11 {main}
CRITICAL - 2026-01-05 21:29:19 --> CodeIgniter\Database\Exceptions\DatabaseException: Unable to connect to the database.
Main connection [MySQLi]: No se puede establecer una conexión ya que el equipo de destino denegó expresamente dicha conexión
[Method: GET, Route: cart/get/9]
in SYSTEMPATH\Database\BaseConnection.php on line 467.
 1 SYSTEMPATH\Database\BaseConnection.php(620): CodeIgniter\Database\BaseConnection->initialize()
 2 SYSTEMPATH\Database\BaseBuilder.php(1649): CodeIgniter\Database\BaseConnection->query('SELECT `p`.`idProduct`, `p`.`description`, `p`.`price`, `p`.`name`, `c`.`idCart`, MIN(i.url) AS image_url
FROM `cart` `c`
LEFT JOIN `products` `p` ON `c`.`idProduct` = `p`.`idProduct`
LEFT JOIN `users` `u` ON `c`.`idUser` = `u`.`idUser`
LEFT JOIN `images` `i` ON `c`.`idProduct` = `i`.`idProduct`
WHERE `c`.`idUser` = :c.idUser:
GROUP BY `p`.`idProduct`, `p`.`description`, `p`.`price`, `p`.`name`, `c`.`idCart`', [...], false)
 3 APPPATH\Controllers\CartController.php(51): CodeIgniter\Database\BaseBuilder->get()
 4 SYSTEMPATH\CodeIgniter.php(933): App\Controllers\CartController->getCart('9')
 5 SYSTEMPATH\CodeIgniter.php(507): CodeIgniter\CodeIgniter->runController(Object(App\Controllers\CartController))
 6 SYSTEMPATH\CodeIgniter.php(354): CodeIgniter\CodeIgniter->handleRequest(null, Object(Config\Cache), false)
 7 SYSTEMPATH\Boot.php(334): CodeIgniter\CodeIgniter->run()
 8 SYSTEMPATH\Boot.php(67): CodeIgniter\Boot::runCodeIgniter(Object(CodeIgniter\CodeIgniter))
 9 FCPATH\index.php(63): CodeIgniter\Boot::bootWeb(Object(Config\Paths))
10 SYSTEMPATH\rewrite.php(44): require_once('C:\\xampp\\htdocs\\dietabackweb\\public\\index.php')
ERROR - 2026-01-05 21:29:23 --> Error connecting to the database: mysqli_sql_exception: No se puede establecer una conexión ya que el equipo de destino denegó expresamente dicha conexión in C:\xampp\htdocs\dietabackweb\system\Database\MySQLi\Connection.php:201
Stack trace:
#0 C:\xampp\htdocs\dietabackweb\system\Database\MySQLi\Connection.php(201): mysqli->real_connect('localhost', 'root', Object(SensitiveParameterValue), 'auction_bids', 3306, '', 0)
#1 C:\xampp\htdocs\dietabackweb\system\Database\BaseConnection.php(421): CodeIgniter\Database\MySQLi\Connection->connect(false)
#2 C:\xampp\htdocs\dietabackweb\system\Database\BaseConnection.php(620): CodeIgniter\Database\BaseConnection->initialize()
#3 C:\xampp\htdocs\dietabackweb\system\Database\BaseBuilder.php(1649): CodeIgniter\Database\BaseConnection->query('SELECT `p`.`idP...', Array, false)
#4 C:\xampp\htdocs\dietabackweb\app\Controllers\WishListController.php(53): CodeIgniter\Database\BaseBuilder->get()
#5 C:\xampp\htdocs\dietabackweb\system\CodeIgniter.php(933): App\Controllers\WishListController->getWishList('9')
#6 C:\xampp\htdocs\dietabackweb\system\CodeIgniter.php(507): CodeIgniter\CodeIgniter->runController(Object(App\Controllers\WishListController))
#7 C:\xampp\htdocs\dietabackweb\system\CodeIgniter.php(354): CodeIgniter\CodeIgniter->handleRequest(NULL, Object(Config\Cache), false)
#8 C:\xampp\htdocs\dietabackweb\system\Boot.php(334): CodeIgniter\CodeIgniter->run()
#9 C:\xampp\htdocs\dietabackweb\system\Boot.php(67): CodeIgniter\Boot::runCodeIgniter(Object(CodeIgniter\CodeIgniter))
#10 C:\xampp\htdocs\dietabackweb\public\index.php(63): CodeIgniter\Boot::bootWeb(Object(Config\Paths))
#11 C:\xampp\htdocs\dietabackweb\system\rewrite.php(44): require_once('C:\\xampp\\htdocs...')
#12 {main}

Next CodeIgniter\Database\Exceptions\DatabaseException: No se puede establecer una conexión ya que el equipo de destino denegó expresamente dicha conexión in C:\xampp\htdocs\dietabackweb\system\Database\MySQLi\Connection.php:246
Stack trace:
#0 C:\xampp\htdocs\dietabackweb\system\Database\BaseConnection.php(421): CodeIgniter\Database\MySQLi\Connection->connect(false)
#1 C:\xampp\htdocs\dietabackweb\system\Database\BaseConnection.php(620): CodeIgniter\Database\BaseConnection->initialize()
#2 C:\xampp\htdocs\dietabackweb\system\Database\BaseBuilder.php(1649): CodeIgniter\Database\BaseConnection->query('SELECT `p`.`idP...', Array, false)
#3 C:\xampp\htdocs\dietabackweb\app\Controllers\WishListController.php(53): CodeIgniter\Database\BaseBuilder->get()
#4 C:\xampp\htdocs\dietabackweb\system\CodeIgniter.php(933): App\Controllers\WishListController->getWishList('9')
#5 C:\xampp\htdocs\dietabackweb\system\CodeIgniter.php(507): CodeIgniter\CodeIgniter->runController(Object(App\Controllers\WishListController))
#6 C:\xampp\htdocs\dietabackweb\system\CodeIgniter.php(354): CodeIgniter\CodeIgniter->handleRequest(NULL, Object(Config\Cache), false)
#7 C:\xampp\htdocs\dietabackweb\system\Boot.php(334): CodeIgniter\CodeIgniter->run()
#8 C:\xampp\htdocs\dietabackweb\system\Boot.php(67): CodeIgniter\Boot::runCodeIgniter(Object(CodeIgniter\CodeIgniter))
#9 C:\xampp\htdocs\dietabackweb\public\index.php(63): CodeIgniter\Boot::bootWeb(Object(Config\Paths))
#10 C:\xampp\htdocs\dietabackweb\system\rewrite.php(44): require_once('C:\\xampp\\htdocs...')
#11 {main}
CRITICAL - 2026-01-05 21:29:23 --> CodeIgniter\Database\Exceptions\DatabaseException: Unable to connect to the database.
Main connection [MySQLi]: No se puede establecer una conexión ya que el equipo de destino denegó expresamente dicha conexión
[Method: GET, Route: wishlist/get/9]
in SYSTEMPATH\Database\BaseConnection.php on line 467.
 1 SYSTEMPATH\Database\BaseConnection.php(620): CodeIgniter\Database\BaseConnection->initialize()
 2 SYSTEMPATH\Database\BaseBuilder.php(1649): CodeIgniter\Database\BaseConnection->query('SELECT `p`.`idProduct`, `p`.`description`, `u`.`name` AS `userName`, `u`.`lastName`, `u`.`email`, `p`.`name`, `p`.`price`, `c`.`idWishList`, MIN(i.url) AS image_url
FROM `wishlist` `c`
LEFT JOIN `products` `p` ON `c`.`idProduct` = `p`.`idProduct`
LEFT JOIN `users` `u` ON `c`.`idUser` = `u`.`idUser`
LEFT JOIN `images` `i` ON `c`.`idProduct` = `i`.`idProduct`
WHERE `c`.`idUser` = :c.idUser:
AND `p`.`status` = :p.status:
GROUP BY `p`.`idProduct`, `p`.`description`, `p`.`name`, `p`.`price`, `c`.`idWishList`, `u`.`lastName`, `u`.`email`', [...], false)
 3 APPPATH\Controllers\WishListController.php(53): CodeIgniter\Database\BaseBuilder->get()
 4 SYSTEMPATH\CodeIgniter.php(933): App\Controllers\WishListController->getWishList('9')
 5 SYSTEMPATH\CodeIgniter.php(507): CodeIgniter\CodeIgniter->runController(Object(App\Controllers\WishListController))
 6 SYSTEMPATH\CodeIgniter.php(354): CodeIgniter\CodeIgniter->handleRequest(null, Object(Config\Cache), false)
 7 SYSTEMPATH\Boot.php(334): CodeIgniter\CodeIgniter->run()
 8 SYSTEMPATH\Boot.php(67): CodeIgniter\Boot::runCodeIgniter(Object(CodeIgniter\CodeIgniter))
 9 FCPATH\index.php(63): CodeIgniter\Boot::bootWeb(Object(Config\Paths))
10 SYSTEMPATH\rewrite.php(44): require_once('C:\\xampp\\htdocs\\dietabackweb\\public\\index.php')
ERROR - 2026-01-05 21:29:27 --> Error connecting to the database: mysqli_sql_exception: No se puede establecer una conexión ya que el equipo de destino denegó expresamente dicha conexión in C:\xampp\htdocs\dietabackweb\system\Database\MySQLi\Connection.php:201
Stack trace:
#0 C:\xampp\htdocs\dietabackweb\system\Database\MySQLi\Connection.php(201): mysqli->real_connect('localhost', 'root', Object(SensitiveParameterValue), 'auction_bids', 3306, '', 0)
#1 C:\xampp\htdocs\dietabackweb\system\Database\BaseConnection.php(421): CodeIgniter\Database\MySQLi\Connection->connect(false)
#2 C:\xampp\htdocs\dietabackweb\system\Database\BaseConnection.php(620): CodeIgniter\Database\BaseConnection->initialize()
#3 C:\xampp\htdocs\dietabackweb\system\Database\BaseBuilder.php(1649): CodeIgniter\Database\BaseConnection->query('SELECT *\nFROM `...', Array, false)
#4 C:\xampp\htdocs\dietabackweb\system\Model.php(286): CodeIgniter\Database\BaseBuilder->get()
#5 C:\xampp\htdocs\dietabackweb\system\BaseModel.php(675): CodeIgniter\Model->doFindAll(0, 0)
#6 C:\xampp\htdocs\dietabackweb\app\Controllers\BannersController.php(20): CodeIgniter\BaseModel->findAll()
#7 C:\xampp\htdocs\dietabackweb\system\CodeIgniter.php(933): App\Controllers\BannersController->index()
#8 C:\xampp\htdocs\dietabackweb\system\CodeIgniter.php(507): CodeIgniter\CodeIgniter->runController(Object(App\Controllers\BannersController))
#9 C:\xampp\htdocs\dietabackweb\system\CodeIgniter.php(354): CodeIgniter\CodeIgniter->handleRequest(NULL, Object(Config\Cache), false)
#10 C:\xampp\htdocs\dietabackweb\system\Boot.php(334): CodeIgniter\CodeIgniter->run()
#11 C:\xampp\htdocs\dietabackweb\system\Boot.php(67): CodeIgniter\Boot::runCodeIgniter(Object(CodeIgniter\CodeIgniter))
#12 C:\xampp\htdocs\dietabackweb\public\index.php(63): CodeIgniter\Boot::bootWeb(Object(Config\Paths))
#13 C:\xampp\htdocs\dietabackweb\system\rewrite.php(44): require_once('C:\\xampp\\htdocs...')
#14 {main}

Next CodeIgniter\Database\Exceptions\DatabaseException: No se puede establecer una conexión ya que el equipo de destino denegó expresamente dicha conexión in C:\xampp\htdocs\dietabackweb\system\Database\MySQLi\Connection.php:246
Stack trace:
#0 C:\xampp\htdocs\dietabackweb\system\Database\BaseConnection.php(421): CodeIgniter\Database\MySQLi\Connection->connect(false)
#1 C:\xampp\htdocs\dietabackweb\system\Database\BaseConnection.php(620): CodeIgniter\Database\BaseConnection->initialize()
#2 C:\xampp\htdocs\dietabackweb\system\Database\BaseBuilder.php(1649): CodeIgniter\Database\BaseConnection->query('SELECT *\nFROM `...', Array, false)
#3 C:\xampp\htdocs\dietabackweb\system\Model.php(286): CodeIgniter\Database\BaseBuilder->get()
#4 C:\xampp\htdocs\dietabackweb\system\BaseModel.php(675): CodeIgniter\Model->doFindAll(0, 0)
#5 C:\xampp\htdocs\dietabackweb\app\Controllers\BannersController.php(20): CodeIgniter\BaseModel->findAll()
#6 C:\xampp\htdocs\dietabackweb\system\CodeIgniter.php(933): App\Controllers\BannersController->index()
#7 C:\xampp\htdocs\dietabackweb\system\CodeIgniter.php(507): CodeIgniter\CodeIgniter->runController(Object(App\Controllers\BannersController))
#8 C:\xampp\htdocs\dietabackweb\system\CodeIgniter.php(354): CodeIgniter\CodeIgniter->handleRequest(NULL, Object(Config\Cache), false)
#9 C:\xampp\htdocs\dietabackweb\system\Boot.php(334): CodeIgniter\CodeIgniter->run()
#10 C:\xampp\htdocs\dietabackweb\system\Boot.php(67): CodeIgniter\Boot::runCodeIgniter(Object(CodeIgniter\CodeIgniter))
#11 C:\xampp\htdocs\dietabackweb\public\index.php(63): CodeIgniter\Boot::bootWeb(Object(Config\Paths))
#12 C:\xampp\htdocs\dietabackweb\system\rewrite.php(44): require_once('C:\\xampp\\htdocs...')
#13 {main}
CRITICAL - 2026-01-05 21:29:27 --> CodeIgniter\Database\Exceptions\DatabaseException: Unable to connect to the database.
Main connection [MySQLi]: No se puede establecer una conexión ya que el equipo de destino denegó expresamente dicha conexión
[Method: GET, Route: banners]
in SYSTEMPATH\Database\BaseConnection.php on line 467.
 1 SYSTEMPATH\Database\BaseConnection.php(620): CodeIgniter\Database\BaseConnection->initialize()
 2 SYSTEMPATH\Database\BaseBuilder.php(1649): CodeIgniter\Database\BaseConnection->query('SELECT *
FROM `banners`', [], false)
 3 SYSTEMPATH\Model.php(286): CodeIgniter\Database\BaseBuilder->get()
 4 SYSTEMPATH\BaseModel.php(675): CodeIgniter\Model->doFindAll(0, 0)
 5 APPPATH\Controllers\BannersController.php(20): CodeIgniter\BaseModel->findAll()
 6 SYSTEMPATH\CodeIgniter.php(933): App\Controllers\BannersController->index()
 7 SYSTEMPATH\CodeIgniter.php(507): CodeIgniter\CodeIgniter->runController(Object(App\Controllers\BannersController))
 8 SYSTEMPATH\CodeIgniter.php(354): CodeIgniter\CodeIgniter->handleRequest(null, Object(Config\Cache), false)
 9 SYSTEMPATH\Boot.php(334): CodeIgniter\CodeIgniter->run()
10 SYSTEMPATH\Boot.php(67): CodeIgniter\Boot::runCodeIgniter(Object(CodeIgniter\CodeIgniter))
11 FCPATH\index.php(63): CodeIgniter\Boot::bootWeb(Object(Config\Paths))
12 SYSTEMPATH\rewrite.php(44): require_once('C:\\xampp\\htdocs\\dietabackweb\\public\\index.php')
ERROR - 2026-01-05 21:29:32 --> Error connecting to the database: mysqli_sql_exception: No se puede establecer una conexión ya que el equipo de destino denegó expresamente dicha conexión in C:\xampp\htdocs\dietabackweb\system\Database\MySQLi\Connection.php:201
Stack trace:
#0 C:\xampp\htdocs\dietabackweb\system\Database\MySQLi\Connection.php(201): mysqli->real_connect('localhost', 'root', Object(SensitiveParameterValue), 'auction_bids', 3306, '', 0)
#1 C:\xampp\htdocs\dietabackweb\system\Database\BaseConnection.php(421): CodeIgniter\Database\MySQLi\Connection->connect(false)
#2 C:\xampp\htdocs\dietabackweb\system\Database\BaseConnection.php(620): CodeIgniter\Database\BaseConnection->initialize()
#3 C:\xampp\htdocs\dietabackweb\system\Database\BaseBuilder.php(1649): CodeIgniter\Database\BaseConnection->query('SELECT `c`.`idC...', Array, false)
#4 C:\xampp\htdocs\dietabackweb\app\Controllers\CategoriesController.php(33): CodeIgniter\Database\BaseBuilder->get()
#5 C:\xampp\htdocs\dietabackweb\system\CodeIgniter.php(933): App\Controllers\CategoriesController->getCategories()
#6 C:\xampp\htdocs\dietabackweb\system\CodeIgniter.php(507): CodeIgniter\CodeIgniter->runController(Object(App\Controllers\CategoriesController))
#7 C:\xampp\htdocs\dietabackweb\system\CodeIgniter.php(354): CodeIgniter\CodeIgniter->handleRequest(NULL, Object(Config\Cache), false)
#8 C:\xampp\htdocs\dietabackweb\system\Boot.php(334): CodeIgniter\CodeIgniter->run()
#9 C:\xampp\htdocs\dietabackweb\system\Boot.php(67): CodeIgniter\Boot::runCodeIgniter(Object(CodeIgniter\CodeIgniter))
#10 C:\xampp\htdocs\dietabackweb\public\index.php(63): CodeIgniter\Boot::bootWeb(Object(Config\Paths))
#11 C:\xampp\htdocs\dietabackweb\system\rewrite.php(44): require_once('C:\\xampp\\htdocs...')
#12 {main}

Next CodeIgniter\Database\Exceptions\DatabaseException: No se puede establecer una conexión ya que el equipo de destino denegó expresamente dicha conexión in C:\xampp\htdocs\dietabackweb\system\Database\MySQLi\Connection.php:246
Stack trace:
#0 C:\xampp\htdocs\dietabackweb\system\Database\BaseConnection.php(421): CodeIgniter\Database\MySQLi\Connection->connect(false)
#1 C:\xampp\htdocs\dietabackweb\system\Database\BaseConnection.php(620): CodeIgniter\Database\BaseConnection->initialize()
#2 C:\xampp\htdocs\dietabackweb\system\Database\BaseBuilder.php(1649): CodeIgniter\Database\BaseConnection->query('SELECT `c`.`idC...', Array, false)
#3 C:\xampp\htdocs\dietabackweb\app\Controllers\CategoriesController.php(33): CodeIgniter\Database\BaseBuilder->get()
#4 C:\xampp\htdocs\dietabackweb\system\CodeIgniter.php(933): App\Controllers\CategoriesController->getCategories()
#5 C:\xampp\htdocs\dietabackweb\system\CodeIgniter.php(507): CodeIgniter\CodeIgniter->runController(Object(App\Controllers\CategoriesController))
#6 C:\xampp\htdocs\dietabackweb\system\CodeIgniter.php(354): CodeIgniter\CodeIgniter->handleRequest(NULL, Object(Config\Cache), false)
#7 C:\xampp\htdocs\dietabackweb\system\Boot.php(334): CodeIgniter\CodeIgniter->run()
#8 C:\xampp\htdocs\dietabackweb\system\Boot.php(67): CodeIgniter\Boot::runCodeIgniter(Object(CodeIgniter\CodeIgniter))
#9 C:\xampp\htdocs\dietabackweb\public\index.php(63): CodeIgniter\Boot::bootWeb(Object(Config\Paths))
#10 C:\xampp\htdocs\dietabackweb\system\rewrite.php(44): require_once('C:\\xampp\\htdocs...')
#11 {main}
CRITICAL - 2026-01-05 21:29:32 --> CodeIgniter\Database\Exceptions\DatabaseException: Unable to connect to the database.
Main connection [MySQLi]: No se puede establecer una conexión ya que el equipo de destino denegó expresamente dicha conexión
[Method: GET, Route: categories/active]
in SYSTEMPATH\Database\BaseConnection.php on line 467.
 1 SYSTEMPATH\Database\BaseConnection.php(620): CodeIgniter\Database\BaseConnection->initialize()
 2 SYSTEMPATH\Database\BaseBuilder.php(1649): CodeIgniter\Database\BaseConnection->query('SELECT `c`.`idCategory`, `c`.`name`, `c`.`image`, `c`.`url`, COUNT(p.idProduct) AS total_productos
FROM `categories` `c`
LEFT JOIN `products` `p` ON `c`.`idCategory` = `p`.`idCategory` and `p`.`status` = 1
GROUP BY `c`.`idCategory`, `c`.`name`, `c`.`image`, `c`.`url`', [], false)
 3 APPPATH\Controllers\CategoriesController.php(33): CodeIgniter\Database\BaseBuilder->get()
 4 SYSTEMPATH\CodeIgniter.php(933): App\Controllers\CategoriesController->getCategories()
 5 SYSTEMPATH\CodeIgniter.php(507): CodeIgniter\CodeIgniter->runController(Object(App\Controllers\CategoriesController))
 6 SYSTEMPATH\CodeIgniter.php(354): CodeIgniter\CodeIgniter->handleRequest(null, Object(Config\Cache), false)
 7 SYSTEMPATH\Boot.php(334): CodeIgniter\CodeIgniter->run()
 8 SYSTEMPATH\Boot.php(67): CodeIgniter\Boot::runCodeIgniter(Object(CodeIgniter\CodeIgniter))
 9 FCPATH\index.php(63): CodeIgniter\Boot::bootWeb(Object(Config\Paths))
10 SYSTEMPATH\rewrite.php(44): require_once('C:\\xampp\\htdocs\\dietabackweb\\public\\index.php')
ERROR - 2026-01-05 21:29:36 --> Error connecting to the database: mysqli_sql_exception: No se puede establecer una conexión ya que el equipo de destino denegó expresamente dicha conexión in C:\xampp\htdocs\dietabackweb\system\Database\MySQLi\Connection.php:201
Stack trace:
#0 C:\xampp\htdocs\dietabackweb\system\Database\MySQLi\Connection.php(201): mysqli->real_connect('localhost', 'root', Object(SensitiveParameterValue), 'auction_bids', 3306, '', 0)
#1 C:\xampp\htdocs\dietabackweb\system\Database\BaseConnection.php(421): CodeIgniter\Database\MySQLi\Connection->connect(false)
#2 C:\xampp\htdocs\dietabackweb\system\Database\BaseConnection.php(620): CodeIgniter\Database\BaseConnection->initialize()
#3 C:\xampp\htdocs\dietabackweb\system\Database\BaseBuilder.php(1649): CodeIgniter\Database\BaseConnection->query('SELECT `p`.`idP...', Array, false)
#4 C:\xampp\htdocs\dietabackweb\app\Controllers\ProductsController.php(73): CodeIgniter\Database\BaseBuilder->get()
#5 C:\xampp\htdocs\dietabackweb\system\CodeIgniter.php(933): App\Controllers\ProductsController->getProductsImage()
#6 C:\xampp\htdocs\dietabackweb\system\CodeIgniter.php(507): CodeIgniter\CodeIgniter->runController(Object(App\Controllers\ProductsController))
#7 C:\xampp\htdocs\dietabackweb\system\CodeIgniter.php(354): CodeIgniter\CodeIgniter->handleRequest(NULL, Object(Config\Cache), false)
#8 C:\xampp\htdocs\dietabackweb\system\Boot.php(334): CodeIgniter\CodeIgniter->run()
#9 C:\xampp\htdocs\dietabackweb\system\Boot.php(67): CodeIgniter\Boot::runCodeIgniter(Object(CodeIgniter\CodeIgniter))
#10 C:\xampp\htdocs\dietabackweb\public\index.php(63): CodeIgniter\Boot::bootWeb(Object(Config\Paths))
#11 C:\xampp\htdocs\dietabackweb\system\rewrite.php(44): require_once('C:\\xampp\\htdocs...')
#12 {main}

Next CodeIgniter\Database\Exceptions\DatabaseException: No se puede establecer una conexión ya que el equipo de destino denegó expresamente dicha conexión in C:\xampp\htdocs\dietabackweb\system\Database\MySQLi\Connection.php:246
Stack trace:
#0 C:\xampp\htdocs\dietabackweb\system\Database\BaseConnection.php(421): CodeIgniter\Database\MySQLi\Connection->connect(false)
#1 C:\xampp\htdocs\dietabackweb\system\Database\BaseConnection.php(620): CodeIgniter\Database\BaseConnection->initialize()
#2 C:\xampp\htdocs\dietabackweb\system\Database\BaseBuilder.php(1649): CodeIgniter\Database\BaseConnection->query('SELECT `p`.`idP...', Array, false)
#3 C:\xampp\htdocs\dietabackweb\app\Controllers\ProductsController.php(73): CodeIgniter\Database\BaseBuilder->get()
#4 C:\xampp\htdocs\dietabackweb\system\CodeIgniter.php(933): App\Controllers\ProductsController->getProductsImage()
#5 C:\xampp\htdocs\dietabackweb\system\CodeIgniter.php(507): CodeIgniter\CodeIgniter->runController(Object(App\Controllers\ProductsController))
#6 C:\xampp\htdocs\dietabackweb\system\CodeIgniter.php(354): CodeIgniter\CodeIgniter->handleRequest(NULL, Object(Config\Cache), false)
#7 C:\xampp\htdocs\dietabackweb\system\Boot.php(334): CodeIgniter\CodeIgniter->run()
#8 C:\xampp\htdocs\dietabackweb\system\Boot.php(67): CodeIgniter\Boot::runCodeIgniter(Object(CodeIgniter\CodeIgniter))
#9 C:\xampp\htdocs\dietabackweb\public\index.php(63): CodeIgniter\Boot::bootWeb(Object(Config\Paths))
#10 C:\xampp\htdocs\dietabackweb\system\rewrite.php(44): require_once('C:\\xampp\\htdocs...')
#11 {main}
CRITICAL - 2026-01-05 21:29:36 --> CodeIgniter\Database\Exceptions\DatabaseException: Unable to connect to the database.
Main connection [MySQLi]: No se puede establecer una conexión ya que el equipo de destino denegó expresamente dicha conexión
[Method: GET, Route: products/categories]
in SYSTEMPATH\Database\BaseConnection.php on line 467.
 1 SYSTEMPATH\Database\BaseConnection.php(620): CodeIgniter\Database\BaseConnection->initialize()
 2 SYSTEMPATH\Database\BaseBuilder.php(1649): CodeIgniter\Database\BaseConnection->query('SELECT `p`.`idProduct`, `p`.`name`, `p`.`price`, MIN(i.url) AS image_url, `p`.`description`
FROM `products` `p`
LEFT JOIN `images` `i` ON `p`.`idProduct` = `i`.`idProduct`
WHERE `p`.`status` = :p.status:
GROUP BY `p`.`idProduct`, `p`.`name`, `p`.`price`, `p`.`description`
ORDER BY `p`.`idProduct` DESC', [...], false)
 3 APPPATH\Controllers\ProductsController.php(73): CodeIgniter\Database\BaseBuilder->get()
 4 SYSTEMPATH\CodeIgniter.php(933): App\Controllers\ProductsController->getProductsImage()
 5 SYSTEMPATH\CodeIgniter.php(507): CodeIgniter\CodeIgniter->runController(Object(App\Controllers\ProductsController))
 6 SYSTEMPATH\CodeIgniter.php(354): CodeIgniter\CodeIgniter->handleRequest(null, Object(Config\Cache), false)
 7 SYSTEMPATH\Boot.php(334): CodeIgniter\CodeIgniter->run()
 8 SYSTEMPATH\Boot.php(67): CodeIgniter\Boot::runCodeIgniter(Object(CodeIgniter\CodeIgniter))
 9 FCPATH\index.php(63): CodeIgniter\Boot::bootWeb(Object(Config\Paths))
10 SYSTEMPATH\rewrite.php(44): require_once('C:\\xampp\\htdocs\\dietabackweb\\public\\index.php')
ERROR - 2026-01-05 21:29:40 --> Error connecting to the database: mysqli_sql_exception: No se puede establecer una conexión ya que el equipo de destino denegó expresamente dicha conexión in C:\xampp\htdocs\dietabackweb\system\Database\MySQLi\Connection.php:201
Stack trace:
#0 C:\xampp\htdocs\dietabackweb\system\Database\MySQLi\Connection.php(201): mysqli->real_connect('localhost', 'root', Object(SensitiveParameterValue), 'auction_bids', 3306, '', 0)
#1 C:\xampp\htdocs\dietabackweb\system\Database\BaseConnection.php(421): CodeIgniter\Database\MySQLi\Connection->connect(false)
#2 C:\xampp\htdocs\dietabackweb\system\Database\BaseConnection.php(620): CodeIgniter\Database\BaseConnection->initialize()
#3 C:\xampp\htdocs\dietabackweb\system\Database\BaseBuilder.php(1649): CodeIgniter\Database\BaseConnection->query('SELECT `p`.`idP...', Array, false)
#4 C:\xampp\htdocs\dietabackweb\app\Controllers\CartController.php(51): CodeIgniter\Database\BaseBuilder->get()
#5 C:\xampp\htdocs\dietabackweb\system\CodeIgniter.php(933): App\Controllers\CartController->getCart('9')
#6 C:\xampp\htdocs\dietabackweb\system\CodeIgniter.php(507): CodeIgniter\CodeIgniter->runController(Object(App\Controllers\CartController))
#7 C:\xampp\htdocs\dietabackweb\system\CodeIgniter.php(354): CodeIgniter\CodeIgniter->handleRequest(NULL, Object(Config\Cache), false)
#8 C:\xampp\htdocs\dietabackweb\system\Boot.php(334): CodeIgniter\CodeIgniter->run()
#9 C:\xampp\htdocs\dietabackweb\system\Boot.php(67): CodeIgniter\Boot::runCodeIgniter(Object(CodeIgniter\CodeIgniter))
#10 C:\xampp\htdocs\dietabackweb\public\index.php(63): CodeIgniter\Boot::bootWeb(Object(Config\Paths))
#11 C:\xampp\htdocs\dietabackweb\system\rewrite.php(44): require_once('C:\\xampp\\htdocs...')
#12 {main}

Next CodeIgniter\Database\Exceptions\DatabaseException: No se puede establecer una conexión ya que el equipo de destino denegó expresamente dicha conexión in C:\xampp\htdocs\dietabackweb\system\Database\MySQLi\Connection.php:246
Stack trace:
#0 C:\xampp\htdocs\dietabackweb\system\Database\BaseConnection.php(421): CodeIgniter\Database\MySQLi\Connection->connect(false)
#1 C:\xampp\htdocs\dietabackweb\system\Database\BaseConnection.php(620): CodeIgniter\Database\BaseConnection->initialize()
#2 C:\xampp\htdocs\dietabackweb\system\Database\BaseBuilder.php(1649): CodeIgniter\Database\BaseConnection->query('SELECT `p`.`idP...', Array, false)
#3 C:\xampp\htdocs\dietabackweb\app\Controllers\CartController.php(51): CodeIgniter\Database\BaseBuilder->get()
#4 C:\xampp\htdocs\dietabackweb\system\CodeIgniter.php(933): App\Controllers\CartController->getCart('9')
#5 C:\xampp\htdocs\dietabackweb\system\CodeIgniter.php(507): CodeIgniter\CodeIgniter->runController(Object(App\Controllers\CartController))
#6 C:\xampp\htdocs\dietabackweb\system\CodeIgniter.php(354): CodeIgniter\CodeIgniter->handleRequest(NULL, Object(Config\Cache), false)
#7 C:\xampp\htdocs\dietabackweb\system\Boot.php(334): CodeIgniter\CodeIgniter->run()
#8 C:\xampp\htdocs\dietabackweb\system\Boot.php(67): CodeIgniter\Boot::runCodeIgniter(Object(CodeIgniter\CodeIgniter))
#9 C:\xampp\htdocs\dietabackweb\public\index.php(63): CodeIgniter\Boot::bootWeb(Object(Config\Paths))
#10 C:\xampp\htdocs\dietabackweb\system\rewrite.php(44): require_once('C:\\xampp\\htdocs...')
#11 {main}
CRITICAL - 2026-01-05 21:29:40 --> CodeIgniter\Database\Exceptions\DatabaseException: Unable to connect to the database.
Main connection [MySQLi]: No se puede establecer una conexión ya que el equipo de destino denegó expresamente dicha conexión
[Method: GET, Route: cart/get/9]
in SYSTEMPATH\Database\BaseConnection.php on line 467.
 1 SYSTEMPATH\Database\BaseConnection.php(620): CodeIgniter\Database\BaseConnection->initialize()
 2 SYSTEMPATH\Database\BaseBuilder.php(1649): CodeIgniter\Database\BaseConnection->query('SELECT `p`.`idProduct`, `p`.`description`, `p`.`price`, `p`.`name`, `c`.`idCart`, MIN(i.url) AS image_url
FROM `cart` `c`
LEFT JOIN `products` `p` ON `c`.`idProduct` = `p`.`idProduct`
LEFT JOIN `users` `u` ON `c`.`idUser` = `u`.`idUser`
LEFT JOIN `images` `i` ON `c`.`idProduct` = `i`.`idProduct`
WHERE `c`.`idUser` = :c.idUser:
GROUP BY `p`.`idProduct`, `p`.`description`, `p`.`price`, `p`.`name`, `c`.`idCart`', [...], false)
 3 APPPATH\Controllers\CartController.php(51): CodeIgniter\Database\BaseBuilder->get()
 4 SYSTEMPATH\CodeIgniter.php(933): App\Controllers\CartController->getCart('9')
 5 SYSTEMPATH\CodeIgniter.php(507): CodeIgniter\CodeIgniter->runController(Object(App\Controllers\CartController))
 6 SYSTEMPATH\CodeIgniter.php(354): CodeIgniter\CodeIgniter->handleRequest(null, Object(Config\Cache), false)
 7 SYSTEMPATH\Boot.php(334): CodeIgniter\CodeIgniter->run()
 8 SYSTEMPATH\Boot.php(67): CodeIgniter\Boot::runCodeIgniter(Object(CodeIgniter\CodeIgniter))
 9 FCPATH\index.php(63): CodeIgniter\Boot::bootWeb(Object(Config\Paths))
10 SYSTEMPATH\rewrite.php(44): require_once('C:\\xampp\\htdocs\\dietabackweb\\public\\index.php')
ERROR - 2026-01-05 21:29:44 --> Error connecting to the database: mysqli_sql_exception: No se puede establecer una conexión ya que el equipo de destino denegó expresamente dicha conexión in C:\xampp\htdocs\dietabackweb\system\Database\MySQLi\Connection.php:201
Stack trace:
#0 C:\xampp\htdocs\dietabackweb\system\Database\MySQLi\Connection.php(201): mysqli->real_connect('localhost', 'root', Object(SensitiveParameterValue), 'auction_bids', 3306, '', 0)
#1 C:\xampp\htdocs\dietabackweb\system\Database\BaseConnection.php(421): CodeIgniter\Database\MySQLi\Connection->connect(false)
#2 C:\xampp\htdocs\dietabackweb\system\Database\BaseConnection.php(620): CodeIgniter\Database\BaseConnection->initialize()
#3 C:\xampp\htdocs\dietabackweb\system\Database\BaseBuilder.php(1649): CodeIgniter\Database\BaseConnection->query('SELECT `p`.`idP...', Array, false)
#4 C:\xampp\htdocs\dietabackweb\app\Controllers\WishListController.php(53): CodeIgniter\Database\BaseBuilder->get()
#5 C:\xampp\htdocs\dietabackweb\system\CodeIgniter.php(933): App\Controllers\WishListController->getWishList('9')
#6 C:\xampp\htdocs\dietabackweb\system\CodeIgniter.php(507): CodeIgniter\CodeIgniter->runController(Object(App\Controllers\WishListController))
#7 C:\xampp\htdocs\dietabackweb\system\CodeIgniter.php(354): CodeIgniter\CodeIgniter->handleRequest(NULL, Object(Config\Cache), false)
#8 C:\xampp\htdocs\dietabackweb\system\Boot.php(334): CodeIgniter\CodeIgniter->run()
#9 C:\xampp\htdocs\dietabackweb\system\Boot.php(67): CodeIgniter\Boot::runCodeIgniter(Object(CodeIgniter\CodeIgniter))
#10 C:\xampp\htdocs\dietabackweb\public\index.php(63): CodeIgniter\Boot::bootWeb(Object(Config\Paths))
#11 C:\xampp\htdocs\dietabackweb\system\rewrite.php(44): require_once('C:\\xampp\\htdocs...')
#12 {main}

Next CodeIgniter\Database\Exceptions\DatabaseException: No se puede establecer una conexión ya que el equipo de destino denegó expresamente dicha conexión in C:\xampp\htdocs\dietabackweb\system\Database\MySQLi\Connection.php:246
Stack trace:
#0 C:\xampp\htdocs\dietabackweb\system\Database\BaseConnection.php(421): CodeIgniter\Database\MySQLi\Connection->connect(false)
#1 C:\xampp\htdocs\dietabackweb\system\Database\BaseConnection.php(620): CodeIgniter\Database\BaseConnection->initialize()
#2 C:\xampp\htdocs\dietabackweb\system\Database\BaseBuilder.php(1649): CodeIgniter\Database\BaseConnection->query('SELECT `p`.`idP...', Array, false)
#3 C:\xampp\htdocs\dietabackweb\app\Controllers\WishListController.php(53): CodeIgniter\Database\BaseBuilder->get()
#4 C:\xampp\htdocs\dietabackweb\system\CodeIgniter.php(933): App\Controllers\WishListController->getWishList('9')
#5 C:\xampp\htdocs\dietabackweb\system\CodeIgniter.php(507): CodeIgniter\CodeIgniter->runController(Object(App\Controllers\WishListController))
#6 C:\xampp\htdocs\dietabackweb\system\CodeIgniter.php(354): CodeIgniter\CodeIgniter->handleRequest(NULL, Object(Config\Cache), false)
#7 C:\xampp\htdocs\dietabackweb\system\Boot.php(334): CodeIgniter\CodeIgniter->run()
#8 C:\xampp\htdocs\dietabackweb\system\Boot.php(67): CodeIgniter\Boot::runCodeIgniter(Object(CodeIgniter\CodeIgniter))
#9 C:\xampp\htdocs\dietabackweb\public\index.php(63): CodeIgniter\Boot::bootWeb(Object(Config\Paths))
#10 C:\xampp\htdocs\dietabackweb\system\rewrite.php(44): require_once('C:\\xampp\\htdocs...')
#11 {main}
CRITICAL - 2026-01-05 21:29:44 --> CodeIgniter\Database\Exceptions\DatabaseException: Unable to connect to the database.
Main connection [MySQLi]: No se puede establecer una conexión ya que el equipo de destino denegó expresamente dicha conexión
[Method: GET, Route: wishlist/get/9]
in SYSTEMPATH\Database\BaseConnection.php on line 467.
 1 SYSTEMPATH\Database\BaseConnection.php(620): CodeIgniter\Database\BaseConnection->initialize()
 2 SYSTEMPATH\Database\BaseBuilder.php(1649): CodeIgniter\Database\BaseConnection->query('SELECT `p`.`idProduct`, `p`.`description`, `u`.`name` AS `userName`, `u`.`lastName`, `u`.`email`, `p`.`name`, `p`.`price`, `c`.`idWishList`, MIN(i.url) AS image_url
FROM `wishlist` `c`
LEFT JOIN `products` `p` ON `c`.`idProduct` = `p`.`idProduct`
LEFT JOIN `users` `u` ON `c`.`idUser` = `u`.`idUser`
LEFT JOIN `images` `i` ON `c`.`idProduct` = `i`.`idProduct`
WHERE `c`.`idUser` = :c.idUser:
AND `p`.`status` = :p.status:
GROUP BY `p`.`idProduct`, `p`.`description`, `p`.`name`, `p`.`price`, `c`.`idWishList`, `u`.`lastName`, `u`.`email`', [...], false)
 3 APPPATH\Controllers\WishListController.php(53): CodeIgniter\Database\BaseBuilder->get()
 4 SYSTEMPATH\CodeIgniter.php(933): App\Controllers\WishListController->getWishList('9')
 5 SYSTEMPATH\CodeIgniter.php(507): CodeIgniter\CodeIgniter->runController(Object(App\Controllers\WishListController))
 6 SYSTEMPATH\CodeIgniter.php(354): CodeIgniter\CodeIgniter->handleRequest(null, Object(Config\Cache), false)
 7 SYSTEMPATH\Boot.php(334): CodeIgniter\CodeIgniter->run()
 8 SYSTEMPATH\Boot.php(67): CodeIgniter\Boot::runCodeIgniter(Object(CodeIgniter\CodeIgniter))
 9 FCPATH\index.php(63): CodeIgniter\Boot::bootWeb(Object(Config\Paths))
10 SYSTEMPATH\rewrite.php(44): require_once('C:\\xampp\\htdocs\\dietabackweb\\public\\index.php')
ERROR - 2026-01-05 21:29:49 --> Error connecting to the database: mysqli_sql_exception: No se puede establecer una conexión ya que el equipo de destino denegó expresamente dicha conexión in C:\xampp\htdocs\dietabackweb\system\Database\MySQLi\Connection.php:201
Stack trace:
#0 C:\xampp\htdocs\dietabackweb\system\Database\MySQLi\Connection.php(201): mysqli->real_connect('localhost', 'root', Object(SensitiveParameterValue), 'auction_bids', 3306, '', 0)
#1 C:\xampp\htdocs\dietabackweb\system\Database\BaseConnection.php(421): CodeIgniter\Database\MySQLi\Connection->connect(false)
#2 C:\xampp\htdocs\dietabackweb\system\Database\BaseConnection.php(620): CodeIgniter\Database\BaseConnection->initialize()
#3 C:\xampp\htdocs\dietabackweb\system\Database\BaseBuilder.php(1649): CodeIgniter\Database\BaseConnection->query('SELECT *\nFROM `...', Array, false)
#4 C:\xampp\htdocs\dietabackweb\app\Controllers\AuctionController.php(54): CodeIgniter\Database\BaseBuilder->get()
#5 C:\xampp\htdocs\dietabackweb\system\CodeIgniter.php(933): App\Controllers\AuctionController->getActives()
#6 C:\xampp\htdocs\dietabackweb\system\CodeIgniter.php(507): CodeIgniter\CodeIgniter->runController(Object(App\Controllers\AuctionController))
#7 C:\xampp\htdocs\dietabackweb\system\CodeIgniter.php(354): CodeIgniter\CodeIgniter->handleRequest(NULL, Object(Config\Cache), false)
#8 C:\xampp\htdocs\dietabackweb\system\Boot.php(334): CodeIgniter\CodeIgniter->run()
#9 C:\xampp\htdocs\dietabackweb\system\Boot.php(67): CodeIgniter\Boot::runCodeIgniter(Object(CodeIgniter\CodeIgniter))
#10 C:\xampp\htdocs\dietabackweb\public\index.php(63): CodeIgniter\Boot::bootWeb(Object(Config\Paths))
#11 C:\xampp\htdocs\dietabackweb\system\rewrite.php(44): require_once('C:\\xampp\\htdocs...')
#12 {main}

Next CodeIgniter\Database\Exceptions\DatabaseException: No se puede establecer una conexión ya que el equipo de destino denegó expresamente dicha conexión in C:\xampp\htdocs\dietabackweb\system\Database\MySQLi\Connection.php:246
Stack trace:
#0 C:\xampp\htdocs\dietabackweb\system\Database\BaseConnection.php(421): CodeIgniter\Database\MySQLi\Connection->connect(false)
#1 C:\xampp\htdocs\dietabackweb\system\Database\BaseConnection.php(620): CodeIgniter\Database\BaseConnection->initialize()
#2 C:\xampp\htdocs\dietabackweb\system\Database\BaseBuilder.php(1649): CodeIgniter\Database\BaseConnection->query('SELECT *\nFROM `...', Array, false)
#3 C:\xampp\htdocs\dietabackweb\app\Controllers\AuctionController.php(54): CodeIgniter\Database\BaseBuilder->get()
#4 C:\xampp\htdocs\dietabackweb\system\CodeIgniter.php(933): App\Controllers\AuctionController->getActives()
#5 C:\xampp\htdocs\dietabackweb\system\CodeIgniter.php(507): CodeIgniter\CodeIgniter->runController(Object(App\Controllers\AuctionController))
#6 C:\xampp\htdocs\dietabackweb\system\CodeIgniter.php(354): CodeIgniter\CodeIgniter->handleRequest(NULL, Object(Config\Cache), false)
#7 C:\xampp\htdocs\dietabackweb\system\Boot.php(334): CodeIgniter\CodeIgniter->run()
#8 C:\xampp\htdocs\dietabackweb\system\Boot.php(67): CodeIgniter\Boot::runCodeIgniter(Object(CodeIgniter\CodeIgniter))
#9 C:\xampp\htdocs\dietabackweb\public\index.php(63): CodeIgniter\Boot::bootWeb(Object(Config\Paths))
#10 C:\xampp\htdocs\dietabackweb\system\rewrite.php(44): require_once('C:\\xampp\\htdocs...')
#11 {main}
CRITICAL - 2026-01-05 21:29:49 --> CodeIgniter\Database\Exceptions\DatabaseException: Unable to connect to the database.
Main connection [MySQLi]: No se puede establecer una conexión ya que el equipo de destino denegó expresamente dicha conexión
[Method: GET, Route: auction/active]
in SYSTEMPATH\Database\BaseConnection.php on line 467.
 1 SYSTEMPATH\Database\BaseConnection.php(620): CodeIgniter\Database\BaseConnection->initialize()
 2 SYSTEMPATH\Database\BaseBuilder.php(1649): CodeIgniter\Database\BaseConnection->query('SELECT *
FROM `auction`
WHERE `status` = :status:', [...], false)
 3 APPPATH\Controllers\AuctionController.php(54): CodeIgniter\Database\BaseBuilder->get()
 4 SYSTEMPATH\CodeIgniter.php(933): App\Controllers\AuctionController->getActives()
 5 SYSTEMPATH\CodeIgniter.php(507): CodeIgniter\CodeIgniter->runController(Object(App\Controllers\AuctionController))
 6 SYSTEMPATH\CodeIgniter.php(354): CodeIgniter\CodeIgniter->handleRequest(null, Object(Config\Cache), false)
 7 SYSTEMPATH\Boot.php(334): CodeIgniter\CodeIgniter->run()
 8 SYSTEMPATH\Boot.php(67): CodeIgniter\Boot::runCodeIgniter(Object(CodeIgniter\CodeIgniter))
 9 FCPATH\index.php(63): CodeIgniter\Boot::bootWeb(Object(Config\Paths))
10 SYSTEMPATH\rewrite.php(44): require_once('C:\\xampp\\htdocs\\dietabackweb\\public\\index.php')
ERROR - 2026-01-05 21:29:53 --> Error connecting to the database: mysqli_sql_exception: No se puede establecer una conexión ya que el equipo de destino denegó expresamente dicha conexión in C:\xampp\htdocs\dietabackweb\system\Database\MySQLi\Connection.php:201
Stack trace:
#0 C:\xampp\htdocs\dietabackweb\system\Database\MySQLi\Connection.php(201): mysqli->real_connect('localhost', 'root', Object(SensitiveParameterValue), 'auction_bids', 3306, '', 0)
#1 C:\xampp\htdocs\dietabackweb\system\Database\BaseConnection.php(421): CodeIgniter\Database\MySQLi\Connection->connect(false)
#2 C:\xampp\htdocs\dietabackweb\system\Database\BaseConnection.php(620): CodeIgniter\Database\BaseConnection->initialize()
#3 C:\xampp\htdocs\dietabackweb\system\Database\BaseBuilder.php(1649): CodeIgniter\Database\BaseConnection->query('SELECT `p`.`idP...', Array, false)
#4 C:\xampp\htdocs\dietabackweb\app\Controllers\ProductsController.php(73): CodeIgniter\Database\BaseBuilder->get()
#5 C:\xampp\htdocs\dietabackweb\system\CodeIgniter.php(933): App\Controllers\ProductsController->getProductsImage()
#6 C:\xampp\htdocs\dietabackweb\system\CodeIgniter.php(507): CodeIgniter\CodeIgniter->runController(Object(App\Controllers\ProductsController))
#7 C:\xampp\htdocs\dietabackweb\system\CodeIgniter.php(354): CodeIgniter\CodeIgniter->handleRequest(NULL, Object(Config\Cache), false)
#8 C:\xampp\htdocs\dietabackweb\system\Boot.php(334): CodeIgniter\CodeIgniter->run()
#9 C:\xampp\htdocs\dietabackweb\system\Boot.php(67): CodeIgniter\Boot::runCodeIgniter(Object(CodeIgniter\CodeIgniter))
#10 C:\xampp\htdocs\dietabackweb\public\index.php(63): CodeIgniter\Boot::bootWeb(Object(Config\Paths))
#11 C:\xampp\htdocs\dietabackweb\system\rewrite.php(44): require_once('C:\\xampp\\htdocs...')
#12 {main}

Next CodeIgniter\Database\Exceptions\DatabaseException: No se puede establecer una conexión ya que el equipo de destino denegó expresamente dicha conexión in C:\xampp\htdocs\dietabackweb\system\Database\MySQLi\Connection.php:246
Stack trace:
#0 C:\xampp\htdocs\dietabackweb\system\Database\BaseConnection.php(421): CodeIgniter\Database\MySQLi\Connection->connect(false)
#1 C:\xampp\htdocs\dietabackweb\system\Database\BaseConnection.php(620): CodeIgniter\Database\BaseConnection->initialize()
#2 C:\xampp\htdocs\dietabackweb\system\Database\BaseBuilder.php(1649): CodeIgniter\Database\BaseConnection->query('SELECT `p`.`idP...', Array, false)
#3 C:\xampp\htdocs\dietabackweb\app\Controllers\ProductsController.php(73): CodeIgniter\Database\BaseBuilder->get()
#4 C:\xampp\htdocs\dietabackweb\system\CodeIgniter.php(933): App\Controllers\ProductsController->getProductsImage()
#5 C:\xampp\htdocs\dietabackweb\system\CodeIgniter.php(507): CodeIgniter\CodeIgniter->runController(Object(App\Controllers\ProductsController))
#6 C:\xampp\htdocs\dietabackweb\system\CodeIgniter.php(354): CodeIgniter\CodeIgniter->handleRequest(NULL, Object(Config\Cache), false)
#7 C:\xampp\htdocs\dietabackweb\system\Boot.php(334): CodeIgniter\CodeIgniter->run()
#8 C:\xampp\htdocs\dietabackweb\system\Boot.php(67): CodeIgniter\Boot::runCodeIgniter(Object(CodeIgniter\CodeIgniter))
#9 C:\xampp\htdocs\dietabackweb\public\index.php(63): CodeIgniter\Boot::bootWeb(Object(Config\Paths))
#10 C:\xampp\htdocs\dietabackweb\system\rewrite.php(44): require_once('C:\\xampp\\htdocs...')
#11 {main}
CRITICAL - 2026-01-05 21:29:53 --> CodeIgniter\Database\Exceptions\DatabaseException: Unable to connect to the database.
Main connection [MySQLi]: No se puede establecer una conexión ya que el equipo de destino denegó expresamente dicha conexión
[Method: GET, Route: products/categories]
in SYSTEMPATH\Database\BaseConnection.php on line 467.
 1 SYSTEMPATH\Database\BaseConnection.php(620): CodeIgniter\Database\BaseConnection->initialize()
 2 SYSTEMPATH\Database\BaseBuilder.php(1649): CodeIgniter\Database\BaseConnection->query('SELECT `p`.`idProduct`, `p`.`name`, `p`.`price`, MIN(i.url) AS image_url, `p`.`description`
FROM `products` `p`
LEFT JOIN `images` `i` ON `p`.`idProduct` = `i`.`idProduct`
WHERE `p`.`status` = :p.status:
GROUP BY `p`.`idProduct`, `p`.`name`, `p`.`price`, `p`.`description`
ORDER BY `p`.`idProduct` DESC', [...], false)
 3 APPPATH\Controllers\ProductsController.php(73): CodeIgniter\Database\BaseBuilder->get()
 4 SYSTEMPATH\CodeIgniter.php(933): App\Controllers\ProductsController->getProductsImage()
 5 SYSTEMPATH\CodeIgniter.php(507): CodeIgniter\CodeIgniter->runController(Object(App\Controllers\ProductsController))
 6 SYSTEMPATH\CodeIgniter.php(354): CodeIgniter\CodeIgniter->handleRequest(null, Object(Config\Cache), false)
 7 SYSTEMPATH\Boot.php(334): CodeIgniter\CodeIgniter->run()
 8 SYSTEMPATH\Boot.php(67): CodeIgniter\Boot::runCodeIgniter(Object(CodeIgniter\CodeIgniter))
 9 FCPATH\index.php(63): CodeIgniter\Boot::bootWeb(Object(Config\Paths))
10 SYSTEMPATH\rewrite.php(44): require_once('C:\\xampp\\htdocs\\dietabackweb\\public\\index.php')
ERROR - 2026-01-05 21:29:58 --> Error connecting to the database: mysqli_sql_exception: No se puede establecer una conexión ya que el equipo de destino denegó expresamente dicha conexión in C:\xampp\htdocs\dietabackweb\system\Database\MySQLi\Connection.php:201
Stack trace:
#0 C:\xampp\htdocs\dietabackweb\system\Database\MySQLi\Connection.php(201): mysqli->real_connect('localhost', 'root', Object(SensitiveParameterValue), 'auction_bids', 3306, '', 0)
#1 C:\xampp\htdocs\dietabackweb\system\Database\BaseConnection.php(421): CodeIgniter\Database\MySQLi\Connection->connect(false)
#2 C:\xampp\htdocs\dietabackweb\system\Database\BaseConnection.php(620): CodeIgniter\Database\BaseConnection->initialize()
#3 C:\xampp\htdocs\dietabackweb\system\Database\BaseBuilder.php(1649): CodeIgniter\Database\BaseConnection->query('SELECT `c`.`idC...', Array, false)
#4 C:\xampp\htdocs\dietabackweb\app\Controllers\CategoriesController.php(33): CodeIgniter\Database\BaseBuilder->get()
#5 C:\xampp\htdocs\dietabackweb\system\CodeIgniter.php(933): App\Controllers\CategoriesController->getCategories()
#6 C:\xampp\htdocs\dietabackweb\system\CodeIgniter.php(507): CodeIgniter\CodeIgniter->runController(Object(App\Controllers\CategoriesController))
#7 C:\xampp\htdocs\dietabackweb\system\CodeIgniter.php(354): CodeIgniter\CodeIgniter->handleRequest(NULL, Object(Config\Cache), false)
#8 C:\xampp\htdocs\dietabackweb\system\Boot.php(334): CodeIgniter\CodeIgniter->run()
#9 C:\xampp\htdocs\dietabackweb\system\Boot.php(67): CodeIgniter\Boot::runCodeIgniter(Object(CodeIgniter\CodeIgniter))
#10 C:\xampp\htdocs\dietabackweb\public\index.php(63): CodeIgniter\Boot::bootWeb(Object(Config\Paths))
#11 C:\xampp\htdocs\dietabackweb\system\rewrite.php(44): require_once('C:\\xampp\\htdocs...')
#12 {main}

Next CodeIgniter\Database\Exceptions\DatabaseException: No se puede establecer una conexión ya que el equipo de destino denegó expresamente dicha conexión in C:\xampp\htdocs\dietabackweb\system\Database\MySQLi\Connection.php:246
Stack trace:
#0 C:\xampp\htdocs\dietabackweb\system\Database\BaseConnection.php(421): CodeIgniter\Database\MySQLi\Connection->connect(false)
#1 C:\xampp\htdocs\dietabackweb\system\Database\BaseConnection.php(620): CodeIgniter\Database\BaseConnection->initialize()
#2 C:\xampp\htdocs\dietabackweb\system\Database\BaseBuilder.php(1649): CodeIgniter\Database\BaseConnection->query('SELECT `c`.`idC...', Array, false)
#3 C:\xampp\htdocs\dietabackweb\app\Controllers\CategoriesController.php(33): CodeIgniter\Database\BaseBuilder->get()
#4 C:\xampp\htdocs\dietabackweb\system\CodeIgniter.php(933): App\Controllers\CategoriesController->getCategories()
#5 C:\xampp\htdocs\dietabackweb\system\CodeIgniter.php(507): CodeIgniter\CodeIgniter->runController(Object(App\Controllers\CategoriesController))
#6 C:\xampp\htdocs\dietabackweb\system\CodeIgniter.php(354): CodeIgniter\CodeIgniter->handleRequest(NULL, Object(Config\Cache), false)
#7 C:\xampp\htdocs\dietabackweb\system\Boot.php(334): CodeIgniter\CodeIgniter->run()
#8 C:\xampp\htdocs\dietabackweb\system\Boot.php(67): CodeIgniter\Boot::runCodeIgniter(Object(CodeIgniter\CodeIgniter))
#9 C:\xampp\htdocs\dietabackweb\public\index.php(63): CodeIgniter\Boot::bootWeb(Object(Config\Paths))
#10 C:\xampp\htdocs\dietabackweb\system\rewrite.php(44): require_once('C:\\xampp\\htdocs...')
#11 {main}
CRITICAL - 2026-01-05 21:29:58 --> CodeIgniter\Database\Exceptions\DatabaseException: Unable to connect to the database.
Main connection [MySQLi]: No se puede establecer una conexión ya que el equipo de destino denegó expresamente dicha conexión
[Method: GET, Route: categories/active]
in SYSTEMPATH\Database\BaseConnection.php on line 467.
 1 SYSTEMPATH\Database\BaseConnection.php(620): CodeIgniter\Database\BaseConnection->initialize()
 2 SYSTEMPATH\Database\BaseBuilder.php(1649): CodeIgniter\Database\BaseConnection->query('SELECT `c`.`idCategory`, `c`.`name`, `c`.`image`, `c`.`url`, COUNT(p.idProduct) AS total_productos
FROM `categories` `c`
LEFT JOIN `products` `p` ON `c`.`idCategory` = `p`.`idCategory` and `p`.`status` = 1
GROUP BY `c`.`idCategory`, `c`.`name`, `c`.`image`, `c`.`url`', [], false)
 3 APPPATH\Controllers\CategoriesController.php(33): CodeIgniter\Database\BaseBuilder->get()
 4 SYSTEMPATH\CodeIgniter.php(933): App\Controllers\CategoriesController->getCategories()
 5 SYSTEMPATH\CodeIgniter.php(507): CodeIgniter\CodeIgniter->runController(Object(App\Controllers\CategoriesController))
 6 SYSTEMPATH\CodeIgniter.php(354): CodeIgniter\CodeIgniter->handleRequest(null, Object(Config\Cache), false)
 7 SYSTEMPATH\Boot.php(334): CodeIgniter\CodeIgniter->run()
 8 SYSTEMPATH\Boot.php(67): CodeIgniter\Boot::runCodeIgniter(Object(CodeIgniter\CodeIgniter))
 9 FCPATH\index.php(63): CodeIgniter\Boot::bootWeb(Object(Config\Paths))
10 SYSTEMPATH\rewrite.php(44): require_once('C:\\xampp\\htdocs\\dietabackweb\\public\\index.php')
ERROR - 2026-01-05 21:30:02 --> Error connecting to the database: mysqli_sql_exception: No se puede establecer una conexión ya que el equipo de destino denegó expresamente dicha conexión in C:\xampp\htdocs\dietabackweb\system\Database\MySQLi\Connection.php:201
Stack trace:
#0 C:\xampp\htdocs\dietabackweb\system\Database\MySQLi\Connection.php(201): mysqli->real_connect('localhost', 'root', Object(SensitiveParameterValue), 'auction_bids', 3306, '', 0)
#1 C:\xampp\htdocs\dietabackweb\system\Database\BaseConnection.php(421): CodeIgniter\Database\MySQLi\Connection->connect(false)
#2 C:\xampp\htdocs\dietabackweb\system\Database\BaseConnection.php(620): CodeIgniter\Database\BaseConnection->initialize()
#3 C:\xampp\htdocs\dietabackweb\system\Database\BaseBuilder.php(1649): CodeIgniter\Database\BaseConnection->query('SELECT *\nFROM `...', Array, false)
#4 C:\xampp\htdocs\dietabackweb\system\Model.php(286): CodeIgniter\Database\BaseBuilder->get()
#5 C:\xampp\htdocs\dietabackweb\system\BaseModel.php(675): CodeIgniter\Model->doFindAll(0, 0)
#6 C:\xampp\htdocs\dietabackweb\app\Controllers\BannersController.php(20): CodeIgniter\BaseModel->findAll()
#7 C:\xampp\htdocs\dietabackweb\system\CodeIgniter.php(933): App\Controllers\BannersController->index()
#8 C:\xampp\htdocs\dietabackweb\system\CodeIgniter.php(507): CodeIgniter\CodeIgniter->runController(Object(App\Controllers\BannersController))
#9 C:\xampp\htdocs\dietabackweb\system\CodeIgniter.php(354): CodeIgniter\CodeIgniter->handleRequest(NULL, Object(Config\Cache), false)
#10 C:\xampp\htdocs\dietabackweb\system\Boot.php(334): CodeIgniter\CodeIgniter->run()
#11 C:\xampp\htdocs\dietabackweb\system\Boot.php(67): CodeIgniter\Boot::runCodeIgniter(Object(CodeIgniter\CodeIgniter))
#12 C:\xampp\htdocs\dietabackweb\public\index.php(63): CodeIgniter\Boot::bootWeb(Object(Config\Paths))
#13 C:\xampp\htdocs\dietabackweb\system\rewrite.php(44): require_once('C:\\xampp\\htdocs...')
#14 {main}

Next CodeIgniter\Database\Exceptions\DatabaseException: No se puede establecer una conexión ya que el equipo de destino denegó expresamente dicha conexión in C:\xampp\htdocs\dietabackweb\system\Database\MySQLi\Connection.php:246
Stack trace:
#0 C:\xampp\htdocs\dietabackweb\system\Database\BaseConnection.php(421): CodeIgniter\Database\MySQLi\Connection->connect(false)
#1 C:\xampp\htdocs\dietabackweb\system\Database\BaseConnection.php(620): CodeIgniter\Database\BaseConnection->initialize()
#2 C:\xampp\htdocs\dietabackweb\system\Database\BaseBuilder.php(1649): CodeIgniter\Database\BaseConnection->query('SELECT *\nFROM `...', Array, false)
#3 C:\xampp\htdocs\dietabackweb\system\Model.php(286): CodeIgniter\Database\BaseBuilder->get()
#4 C:\xampp\htdocs\dietabackweb\system\BaseModel.php(675): CodeIgniter\Model->doFindAll(0, 0)
#5 C:\xampp\htdocs\dietabackweb\app\Controllers\BannersController.php(20): CodeIgniter\BaseModel->findAll()
#6 C:\xampp\htdocs\dietabackweb\system\CodeIgniter.php(933): App\Controllers\BannersController->index()
#7 C:\xampp\htdocs\dietabackweb\system\CodeIgniter.php(507): CodeIgniter\CodeIgniter->runController(Object(App\Controllers\BannersController))
#8 C:\xampp\htdocs\dietabackweb\system\CodeIgniter.php(354): CodeIgniter\CodeIgniter->handleRequest(NULL, Object(Config\Cache), false)
#9 C:\xampp\htdocs\dietabackweb\system\Boot.php(334): CodeIgniter\CodeIgniter->run()
#10 C:\xampp\htdocs\dietabackweb\system\Boot.php(67): CodeIgniter\Boot::runCodeIgniter(Object(CodeIgniter\CodeIgniter))
#11 C:\xampp\htdocs\dietabackweb\public\index.php(63): CodeIgniter\Boot::bootWeb(Object(Config\Paths))
#12 C:\xampp\htdocs\dietabackweb\system\rewrite.php(44): require_once('C:\\xampp\\htdocs...')
#13 {main}
CRITICAL - 2026-01-05 21:30:02 --> CodeIgniter\Database\Exceptions\DatabaseException: Unable to connect to the database.
Main connection [MySQLi]: No se puede establecer una conexión ya que el equipo de destino denegó expresamente dicha conexión
[Method: GET, Route: banners]
in SYSTEMPATH\Database\BaseConnection.php on line 467.
 1 SYSTEMPATH\Database\BaseConnection.php(620): CodeIgniter\Database\BaseConnection->initialize()
 2 SYSTEMPATH\Database\BaseBuilder.php(1649): CodeIgniter\Database\BaseConnection->query('SELECT *
FROM `banners`', [], false)
 3 SYSTEMPATH\Model.php(286): CodeIgniter\Database\BaseBuilder->get()
 4 SYSTEMPATH\BaseModel.php(675): CodeIgniter\Model->doFindAll(0, 0)
 5 APPPATH\Controllers\BannersController.php(20): CodeIgniter\BaseModel->findAll()
 6 SYSTEMPATH\CodeIgniter.php(933): App\Controllers\BannersController->index()
 7 SYSTEMPATH\CodeIgniter.php(507): CodeIgniter\CodeIgniter->runController(Object(App\Controllers\BannersController))
 8 SYSTEMPATH\CodeIgniter.php(354): CodeIgniter\CodeIgniter->handleRequest(null, Object(Config\Cache), false)
 9 SYSTEMPATH\Boot.php(334): CodeIgniter\CodeIgniter->run()
10 SYSTEMPATH\Boot.php(67): CodeIgniter\Boot::runCodeIgniter(Object(CodeIgniter\CodeIgniter))
11 FCPATH\index.php(63): CodeIgniter\Boot::bootWeb(Object(Config\Paths))
12 SYSTEMPATH\rewrite.php(44): require_once('C:\\xampp\\htdocs\\dietabackweb\\public\\index.php')
ERROR - 2026-01-05 21:30:07 --> Error connecting to the database: mysqli_sql_exception: No se puede establecer una conexión ya que el equipo de destino denegó expresamente dicha conexión in C:\xampp\htdocs\dietabackweb\system\Database\MySQLi\Connection.php:201
Stack trace:
#0 C:\xampp\htdocs\dietabackweb\system\Database\MySQLi\Connection.php(201): mysqli->real_connect('localhost', 'root', Object(SensitiveParameterValue), 'auction_bids', 3306, '', 0)
#1 C:\xampp\htdocs\dietabackweb\system\Database\BaseConnection.php(421): CodeIgniter\Database\MySQLi\Connection->connect(false)
#2 C:\xampp\htdocs\dietabackweb\system\Database\BaseConnection.php(620): CodeIgniter\Database\BaseConnection->initialize()
#3 C:\xampp\htdocs\dietabackweb\system\Database\BaseBuilder.php(1649): CodeIgniter\Database\BaseConnection->query('SELECT *\nFROM `...', Array, false)
#4 C:\xampp\htdocs\dietabackweb\app\Controllers\AuctionController.php(54): CodeIgniter\Database\BaseBuilder->get()
#5 C:\xampp\htdocs\dietabackweb\system\CodeIgniter.php(933): App\Controllers\AuctionController->getActives()
#6 C:\xampp\htdocs\dietabackweb\system\CodeIgniter.php(507): CodeIgniter\CodeIgniter->runController(Object(App\Controllers\AuctionController))
#7 C:\xampp\htdocs\dietabackweb\system\CodeIgniter.php(354): CodeIgniter\CodeIgniter->handleRequest(NULL, Object(Config\Cache), false)
#8 C:\xampp\htdocs\dietabackweb\system\Boot.php(334): CodeIgniter\CodeIgniter->run()
#9 C:\xampp\htdocs\dietabackweb\system\Boot.php(67): CodeIgniter\Boot::runCodeIgniter(Object(CodeIgniter\CodeIgniter))
#10 C:\xampp\htdocs\dietabackweb\public\index.php(63): CodeIgniter\Boot::bootWeb(Object(Config\Paths))
#11 C:\xampp\htdocs\dietabackweb\system\rewrite.php(44): require_once('C:\\xampp\\htdocs...')
#12 {main}

Next CodeIgniter\Database\Exceptions\DatabaseException: No se puede establecer una conexión ya que el equipo de destino denegó expresamente dicha conexión in C:\xampp\htdocs\dietabackweb\system\Database\MySQLi\Connection.php:246
Stack trace:
#0 C:\xampp\htdocs\dietabackweb\system\Database\BaseConnection.php(421): CodeIgniter\Database\MySQLi\Connection->connect(false)
#1 C:\xampp\htdocs\dietabackweb\system\Database\BaseConnection.php(620): CodeIgniter\Database\BaseConnection->initialize()
#2 C:\xampp\htdocs\dietabackweb\system\Database\BaseBuilder.php(1649): CodeIgniter\Database\BaseConnection->query('SELECT *\nFROM `...', Array, false)
#3 C:\xampp\htdocs\dietabackweb\app\Controllers\AuctionController.php(54): CodeIgniter\Database\BaseBuilder->get()
#4 C:\xampp\htdocs\dietabackweb\system\CodeIgniter.php(933): App\Controllers\AuctionController->getActives()
#5 C:\xampp\htdocs\dietabackweb\system\CodeIgniter.php(507): CodeIgniter\CodeIgniter->runController(Object(App\Controllers\AuctionController))
#6 C:\xampp\htdocs\dietabackweb\system\CodeIgniter.php(354): CodeIgniter\CodeIgniter->handleRequest(NULL, Object(Config\Cache), false)
#7 C:\xampp\htdocs\dietabackweb\system\Boot.php(334): CodeIgniter\CodeIgniter->run()
#8 C:\xampp\htdocs\dietabackweb\system\Boot.php(67): CodeIgniter\Boot::runCodeIgniter(Object(CodeIgniter\CodeIgniter))
#9 C:\xampp\htdocs\dietabackweb\public\index.php(63): CodeIgniter\Boot::bootWeb(Object(Config\Paths))
#10 C:\xampp\htdocs\dietabackweb\system\rewrite.php(44): require_once('C:\\xampp\\htdocs...')
#11 {main}
CRITICAL - 2026-01-05 21:30:07 --> CodeIgniter\Database\Exceptions\DatabaseException: Unable to connect to the database.
Main connection [MySQLi]: No se puede establecer una conexión ya que el equipo de destino denegó expresamente dicha conexión
[Method: GET, Route: auction/active]
in SYSTEMPATH\Database\BaseConnection.php on line 467.
 1 SYSTEMPATH\Database\BaseConnection.php(620): CodeIgniter\Database\BaseConnection->initialize()
 2 SYSTEMPATH\Database\BaseBuilder.php(1649): CodeIgniter\Database\BaseConnection->query('SELECT *
FROM `auction`
WHERE `status` = :status:', [...], false)
 3 APPPATH\Controllers\AuctionController.php(54): CodeIgniter\Database\BaseBuilder->get()
 4 SYSTEMPATH\CodeIgniter.php(933): App\Controllers\AuctionController->getActives()
 5 SYSTEMPATH\CodeIgniter.php(507): CodeIgniter\CodeIgniter->runController(Object(App\Controllers\AuctionController))
 6 SYSTEMPATH\CodeIgniter.php(354): CodeIgniter\CodeIgniter->handleRequest(null, Object(Config\Cache), false)
 7 SYSTEMPATH\Boot.php(334): CodeIgniter\CodeIgniter->run()
 8 SYSTEMPATH\Boot.php(67): CodeIgniter\Boot::runCodeIgniter(Object(CodeIgniter\CodeIgniter))
 9 FCPATH\index.php(63): CodeIgniter\Boot::bootWeb(Object(Config\Paths))
10 SYSTEMPATH\rewrite.php(44): require_once('C:\\xampp\\htdocs\\dietabackweb\\public\\index.php')
ERROR - 2026-01-05 21:30:11 --> Error connecting to the database: mysqli_sql_exception: No se puede establecer una conexión ya que el equipo de destino denegó expresamente dicha conexión in C:\xampp\htdocs\dietabackweb\system\Database\MySQLi\Connection.php:201
Stack trace:
#0 C:\xampp\htdocs\dietabackweb\system\Database\MySQLi\Connection.php(201): mysqli->real_connect('localhost', 'root', Object(SensitiveParameterValue), 'auction_bids', 3306, '', 0)
#1 C:\xampp\htdocs\dietabackweb\system\Database\BaseConnection.php(421): CodeIgniter\Database\MySQLi\Connection->connect(false)
#2 C:\xampp\htdocs\dietabackweb\system\Database\BaseConnection.php(620): CodeIgniter\Database\BaseConnection->initialize()
#3 C:\xampp\htdocs\dietabackweb\system\Database\BaseBuilder.php(1649): CodeIgniter\Database\BaseConnection->query('SELECT `c`.`idC...', Array, false)
#4 C:\xampp\htdocs\dietabackweb\app\Controllers\CategoriesController.php(33): CodeIgniter\Database\BaseBuilder->get()
#5 C:\xampp\htdocs\dietabackweb\system\CodeIgniter.php(933): App\Controllers\CategoriesController->getCategories()
#6 C:\xampp\htdocs\dietabackweb\system\CodeIgniter.php(507): CodeIgniter\CodeIgniter->runController(Object(App\Controllers\CategoriesController))
#7 C:\xampp\htdocs\dietabackweb\system\CodeIgniter.php(354): CodeIgniter\CodeIgniter->handleRequest(NULL, Object(Config\Cache), false)
#8 C:\xampp\htdocs\dietabackweb\system\Boot.php(334): CodeIgniter\CodeIgniter->run()
#9 C:\xampp\htdocs\dietabackweb\system\Boot.php(67): CodeIgniter\Boot::runCodeIgniter(Object(CodeIgniter\CodeIgniter))
#10 C:\xampp\htdocs\dietabackweb\public\index.php(63): CodeIgniter\Boot::bootWeb(Object(Config\Paths))
#11 C:\xampp\htdocs\dietabackweb\system\rewrite.php(44): require_once('C:\\xampp\\htdocs...')
#12 {main}

Next CodeIgniter\Database\Exceptions\DatabaseException: No se puede establecer una conexión ya que el equipo de destino denegó expresamente dicha conexión in C:\xampp\htdocs\dietabackweb\system\Database\MySQLi\Connection.php:246
Stack trace:
#0 C:\xampp\htdocs\dietabackweb\system\Database\BaseConnection.php(421): CodeIgniter\Database\MySQLi\Connection->connect(false)
#1 C:\xampp\htdocs\dietabackweb\system\Database\BaseConnection.php(620): CodeIgniter\Database\BaseConnection->initialize()
#2 C:\xampp\htdocs\dietabackweb\system\Database\BaseBuilder.php(1649): CodeIgniter\Database\BaseConnection->query('SELECT `c`.`idC...', Array, false)
#3 C:\xampp\htdocs\dietabackweb\app\Controllers\CategoriesController.php(33): CodeIgniter\Database\BaseBuilder->get()
#4 C:\xampp\htdocs\dietabackweb\system\CodeIgniter.php(933): App\Controllers\CategoriesController->getCategories()
#5 C:\xampp\htdocs\dietabackweb\system\CodeIgniter.php(507): CodeIgniter\CodeIgniter->runController(Object(App\Controllers\CategoriesController))
#6 C:\xampp\htdocs\dietabackweb\system\CodeIgniter.php(354): CodeIgniter\CodeIgniter->handleRequest(NULL, Object(Config\Cache), false)
#7 C:\xampp\htdocs\dietabackweb\system\Boot.php(334): CodeIgniter\CodeIgniter->run()
#8 C:\xampp\htdocs\dietabackweb\system\Boot.php(67): CodeIgniter\Boot::runCodeIgniter(Object(CodeIgniter\CodeIgniter))
#9 C:\xampp\htdocs\dietabackweb\public\index.php(63): CodeIgniter\Boot::bootWeb(Object(Config\Paths))
#10 C:\xampp\htdocs\dietabackweb\system\rewrite.php(44): require_once('C:\\xampp\\htdocs...')
#11 {main}
CRITICAL - 2026-01-05 21:30:11 --> CodeIgniter\Database\Exceptions\DatabaseException: Unable to connect to the database.
Main connection [MySQLi]: No se puede establecer una conexión ya que el equipo de destino denegó expresamente dicha conexión
[Method: GET, Route: categories/active]
in SYSTEMPATH\Database\BaseConnection.php on line 467.
 1 SYSTEMPATH\Database\BaseConnection.php(620): CodeIgniter\Database\BaseConnection->initialize()
 2 SYSTEMPATH\Database\BaseBuilder.php(1649): CodeIgniter\Database\BaseConnection->query('SELECT `c`.`idCategory`, `c`.`name`, `c`.`image`, `c`.`url`, COUNT(p.idProduct) AS total_productos
FROM `categories` `c`
LEFT JOIN `products` `p` ON `c`.`idCategory` = `p`.`idCategory` and `p`.`status` = 1
GROUP BY `c`.`idCategory`, `c`.`name`, `c`.`image`, `c`.`url`', [], false)
 3 APPPATH\Controllers\CategoriesController.php(33): CodeIgniter\Database\BaseBuilder->get()
 4 SYSTEMPATH\CodeIgniter.php(933): App\Controllers\CategoriesController->getCategories()
 5 SYSTEMPATH\CodeIgniter.php(507): CodeIgniter\CodeIgniter->runController(Object(App\Controllers\CategoriesController))
 6 SYSTEMPATH\CodeIgniter.php(354): CodeIgniter\CodeIgniter->handleRequest(null, Object(Config\Cache), false)
 7 SYSTEMPATH\Boot.php(334): CodeIgniter\CodeIgniter->run()
 8 SYSTEMPATH\Boot.php(67): CodeIgniter\Boot::runCodeIgniter(Object(CodeIgniter\CodeIgniter))
 9 FCPATH\index.php(63): CodeIgniter\Boot::bootWeb(Object(Config\Paths))
10 SYSTEMPATH\rewrite.php(44): require_once('C:\\xampp\\htdocs\\dietabackweb\\public\\index.php')
ERROR - 2026-01-05 21:30:15 --> Error connecting to the database: mysqli_sql_exception: No se puede establecer una conexión ya que el equipo de destino denegó expresamente dicha conexión in C:\xampp\htdocs\dietabackweb\system\Database\MySQLi\Connection.php:201
Stack trace:
#0 C:\xampp\htdocs\dietabackweb\system\Database\MySQLi\Connection.php(201): mysqli->real_connect('localhost', 'root', Object(SensitiveParameterValue), 'auction_bids', 3306, '', 0)
#1 C:\xampp\htdocs\dietabackweb\system\Database\BaseConnection.php(421): CodeIgniter\Database\MySQLi\Connection->connect(false)
#2 C:\xampp\htdocs\dietabackweb\system\Database\BaseConnection.php(620): CodeIgniter\Database\BaseConnection->initialize()
#3 C:\xampp\htdocs\dietabackweb\system\Database\BaseBuilder.php(1649): CodeIgniter\Database\BaseConnection->query('SELECT `p`.`idP...', Array, false)
#4 C:\xampp\htdocs\dietabackweb\app\Controllers\CartController.php(51): CodeIgniter\Database\BaseBuilder->get()
#5 C:\xampp\htdocs\dietabackweb\system\CodeIgniter.php(933): App\Controllers\CartController->getCart('9')
#6 C:\xampp\htdocs\dietabackweb\system\CodeIgniter.php(507): CodeIgniter\CodeIgniter->runController(Object(App\Controllers\CartController))
#7 C:\xampp\htdocs\dietabackweb\system\CodeIgniter.php(354): CodeIgniter\CodeIgniter->handleRequest(NULL, Object(Config\Cache), false)
#8 C:\xampp\htdocs\dietabackweb\system\Boot.php(334): CodeIgniter\CodeIgniter->run()
#9 C:\xampp\htdocs\dietabackweb\system\Boot.php(67): CodeIgniter\Boot::runCodeIgniter(Object(CodeIgniter\CodeIgniter))
#10 C:\xampp\htdocs\dietabackweb\public\index.php(63): CodeIgniter\Boot::bootWeb(Object(Config\Paths))
#11 C:\xampp\htdocs\dietabackweb\system\rewrite.php(44): require_once('C:\\xampp\\htdocs...')
#12 {main}

Next CodeIgniter\Database\Exceptions\DatabaseException: No se puede establecer una conexión ya que el equipo de destino denegó expresamente dicha conexión in C:\xampp\htdocs\dietabackweb\system\Database\MySQLi\Connection.php:246
Stack trace:
#0 C:\xampp\htdocs\dietabackweb\system\Database\BaseConnection.php(421): CodeIgniter\Database\MySQLi\Connection->connect(false)
#1 C:\xampp\htdocs\dietabackweb\system\Database\BaseConnection.php(620): CodeIgniter\Database\BaseConnection->initialize()
#2 C:\xampp\htdocs\dietabackweb\system\Database\BaseBuilder.php(1649): CodeIgniter\Database\BaseConnection->query('SELECT `p`.`idP...', Array, false)
#3 C:\xampp\htdocs\dietabackweb\app\Controllers\CartController.php(51): CodeIgniter\Database\BaseBuilder->get()
#4 C:\xampp\htdocs\dietabackweb\system\CodeIgniter.php(933): App\Controllers\CartController->getCart('9')
#5 C:\xampp\htdocs\dietabackweb\system\CodeIgniter.php(507): CodeIgniter\CodeIgniter->runController(Object(App\Controllers\CartController))
#6 C:\xampp\htdocs\dietabackweb\system\CodeIgniter.php(354): CodeIgniter\CodeIgniter->handleRequest(NULL, Object(Config\Cache), false)
#7 C:\xampp\htdocs\dietabackweb\system\Boot.php(334): CodeIgniter\CodeIgniter->run()
#8 C:\xampp\htdocs\dietabackweb\system\Boot.php(67): CodeIgniter\Boot::runCodeIgniter(Object(CodeIgniter\CodeIgniter))
#9 C:\xampp\htdocs\dietabackweb\public\index.php(63): CodeIgniter\Boot::bootWeb(Object(Config\Paths))
#10 C:\xampp\htdocs\dietabackweb\system\rewrite.php(44): require_once('C:\\xampp\\htdocs...')
#11 {main}
CRITICAL - 2026-01-05 21:30:15 --> CodeIgniter\Database\Exceptions\DatabaseException: Unable to connect to the database.
Main connection [MySQLi]: No se puede establecer una conexión ya que el equipo de destino denegó expresamente dicha conexión
[Method: GET, Route: cart/get/9]
in SYSTEMPATH\Database\BaseConnection.php on line 467.
 1 SYSTEMPATH\Database\BaseConnection.php(620): CodeIgniter\Database\BaseConnection->initialize()
 2 SYSTEMPATH\Database\BaseBuilder.php(1649): CodeIgniter\Database\BaseConnection->query('SELECT `p`.`idProduct`, `p`.`description`, `p`.`price`, `p`.`name`, `c`.`idCart`, MIN(i.url) AS image_url
FROM `cart` `c`
LEFT JOIN `products` `p` ON `c`.`idProduct` = `p`.`idProduct`
LEFT JOIN `users` `u` ON `c`.`idUser` = `u`.`idUser`
LEFT JOIN `images` `i` ON `c`.`idProduct` = `i`.`idProduct`
WHERE `c`.`idUser` = :c.idUser:
GROUP BY `p`.`idProduct`, `p`.`description`, `p`.`price`, `p`.`name`, `c`.`idCart`', [...], false)
 3 APPPATH\Controllers\CartController.php(51): CodeIgniter\Database\BaseBuilder->get()
 4 SYSTEMPATH\CodeIgniter.php(933): App\Controllers\CartController->getCart('9')
 5 SYSTEMPATH\CodeIgniter.php(507): CodeIgniter\CodeIgniter->runController(Object(App\Controllers\CartController))
 6 SYSTEMPATH\CodeIgniter.php(354): CodeIgniter\CodeIgniter->handleRequest(null, Object(Config\Cache), false)
 7 SYSTEMPATH\Boot.php(334): CodeIgniter\CodeIgniter->run()
 8 SYSTEMPATH\Boot.php(67): CodeIgniter\Boot::runCodeIgniter(Object(CodeIgniter\CodeIgniter))
 9 FCPATH\index.php(63): CodeIgniter\Boot::bootWeb(Object(Config\Paths))
10 SYSTEMPATH\rewrite.php(44): require_once('C:\\xampp\\htdocs\\dietabackweb\\public\\index.php')
ERROR - 2026-01-05 21:30:19 --> Error connecting to the database: mysqli_sql_exception: No se puede establecer una conexión ya que el equipo de destino denegó expresamente dicha conexión in C:\xampp\htdocs\dietabackweb\system\Database\MySQLi\Connection.php:201
Stack trace:
#0 C:\xampp\htdocs\dietabackweb\system\Database\MySQLi\Connection.php(201): mysqli->real_connect('localhost', 'root', Object(SensitiveParameterValue), 'auction_bids', 3306, '', 0)
#1 C:\xampp\htdocs\dietabackweb\system\Database\BaseConnection.php(421): CodeIgniter\Database\MySQLi\Connection->connect(false)
#2 C:\xampp\htdocs\dietabackweb\system\Database\BaseConnection.php(620): CodeIgniter\Database\BaseConnection->initialize()
#3 C:\xampp\htdocs\dietabackweb\system\Database\BaseBuilder.php(1649): CodeIgniter\Database\BaseConnection->query('SELECT `p`.`idP...', Array, false)
#4 C:\xampp\htdocs\dietabackweb\app\Controllers\WishListController.php(53): CodeIgniter\Database\BaseBuilder->get()
#5 C:\xampp\htdocs\dietabackweb\system\CodeIgniter.php(933): App\Controllers\WishListController->getWishList('9')
#6 C:\xampp\htdocs\dietabackweb\system\CodeIgniter.php(507): CodeIgniter\CodeIgniter->runController(Object(App\Controllers\WishListController))
#7 C:\xampp\htdocs\dietabackweb\system\CodeIgniter.php(354): CodeIgniter\CodeIgniter->handleRequest(NULL, Object(Config\Cache), false)
#8 C:\xampp\htdocs\dietabackweb\system\Boot.php(334): CodeIgniter\CodeIgniter->run()
#9 C:\xampp\htdocs\dietabackweb\system\Boot.php(67): CodeIgniter\Boot::runCodeIgniter(Object(CodeIgniter\CodeIgniter))
#10 C:\xampp\htdocs\dietabackweb\public\index.php(63): CodeIgniter\Boot::bootWeb(Object(Config\Paths))
#11 C:\xampp\htdocs\dietabackweb\system\rewrite.php(44): require_once('C:\\xampp\\htdocs...')
#12 {main}

Next CodeIgniter\Database\Exceptions\DatabaseException: No se puede establecer una conexión ya que el equipo de destino denegó expresamente dicha conexión in C:\xampp\htdocs\dietabackweb\system\Database\MySQLi\Connection.php:246
Stack trace:
#0 C:\xampp\htdocs\dietabackweb\system\Database\BaseConnection.php(421): CodeIgniter\Database\MySQLi\Connection->connect(false)
#1 C:\xampp\htdocs\dietabackweb\system\Database\BaseConnection.php(620): CodeIgniter\Database\BaseConnection->initialize()
#2 C:\xampp\htdocs\dietabackweb\system\Database\BaseBuilder.php(1649): CodeIgniter\Database\BaseConnection->query('SELECT `p`.`idP...', Array, false)
#3 C:\xampp\htdocs\dietabackweb\app\Controllers\WishListController.php(53): CodeIgniter\Database\BaseBuilder->get()
#4 C:\xampp\htdocs\dietabackweb\system\CodeIgniter.php(933): App\Controllers\WishListController->getWishList('9')
#5 C:\xampp\htdocs\dietabackweb\system\CodeIgniter.php(507): CodeIgniter\CodeIgniter->runController(Object(App\Controllers\WishListController))
#6 C:\xampp\htdocs\dietabackweb\system\CodeIgniter.php(354): CodeIgniter\CodeIgniter->handleRequest(NULL, Object(Config\Cache), false)
#7 C:\xampp\htdocs\dietabackweb\system\Boot.php(334): CodeIgniter\CodeIgniter->run()
#8 C:\xampp\htdocs\dietabackweb\system\Boot.php(67): CodeIgniter\Boot::runCodeIgniter(Object(CodeIgniter\CodeIgniter))
#9 C:\xampp\htdocs\dietabackweb\public\index.php(63): CodeIgniter\Boot::bootWeb(Object(Config\Paths))
#10 C:\xampp\htdocs\dietabackweb\system\rewrite.php(44): require_once('C:\\xampp\\htdocs...')
#11 {main}
CRITICAL - 2026-01-05 21:30:19 --> CodeIgniter\Database\Exceptions\DatabaseException: Unable to connect to the database.
Main connection [MySQLi]: No se puede establecer una conexión ya que el equipo de destino denegó expresamente dicha conexión
[Method: GET, Route: wishlist/get/9]
in SYSTEMPATH\Database\BaseConnection.php on line 467.
 1 SYSTEMPATH\Database\BaseConnection.php(620): CodeIgniter\Database\BaseConnection->initialize()
 2 SYSTEMPATH\Database\BaseBuilder.php(1649): CodeIgniter\Database\BaseConnection->query('SELECT `p`.`idProduct`, `p`.`description`, `u`.`name` AS `userName`, `u`.`lastName`, `u`.`email`, `p`.`name`, `p`.`price`, `c`.`idWishList`, MIN(i.url) AS image_url
FROM `wishlist` `c`
LEFT JOIN `products` `p` ON `c`.`idProduct` = `p`.`idProduct`
LEFT JOIN `users` `u` ON `c`.`idUser` = `u`.`idUser`
LEFT JOIN `images` `i` ON `c`.`idProduct` = `i`.`idProduct`
WHERE `c`.`idUser` = :c.idUser:
AND `p`.`status` = :p.status:
GROUP BY `p`.`idProduct`, `p`.`description`, `p`.`name`, `p`.`price`, `c`.`idWishList`, `u`.`lastName`, `u`.`email`', [...], false)
 3 APPPATH\Controllers\WishListController.php(53): CodeIgniter\Database\BaseBuilder->get()
 4 SYSTEMPATH\CodeIgniter.php(933): App\Controllers\WishListController->getWishList('9')
 5 SYSTEMPATH\CodeIgniter.php(507): CodeIgniter\CodeIgniter->runController(Object(App\Controllers\WishListController))
 6 SYSTEMPATH\CodeIgniter.php(354): CodeIgniter\CodeIgniter->handleRequest(null, Object(Config\Cache), false)
 7 SYSTEMPATH\Boot.php(334): CodeIgniter\CodeIgniter->run()
 8 SYSTEMPATH\Boot.php(67): CodeIgniter\Boot::runCodeIgniter(Object(CodeIgniter\CodeIgniter))
 9 FCPATH\index.php(63): CodeIgniter\Boot::bootWeb(Object(Config\Paths))
10 SYSTEMPATH\rewrite.php(44): require_once('C:\\xampp\\htdocs\\dietabackweb\\public\\index.php')
ERROR - 2026-01-05 21:30:24 --> Error connecting to the database: mysqli_sql_exception: No se puede establecer una conexión ya que el equipo de destino denegó expresamente dicha conexión in C:\xampp\htdocs\dietabackweb\system\Database\MySQLi\Connection.php:201
Stack trace:
#0 C:\xampp\htdocs\dietabackweb\system\Database\MySQLi\Connection.php(201): mysqli->real_connect('localhost', 'root', Object(SensitiveParameterValue), 'auction_bids', 3306, '', 0)
#1 C:\xampp\htdocs\dietabackweb\system\Database\BaseConnection.php(421): CodeIgniter\Database\MySQLi\Connection->connect(false)
#2 C:\xampp\htdocs\dietabackweb\system\Database\BaseConnection.php(620): CodeIgniter\Database\BaseConnection->initialize()
#3 C:\xampp\htdocs\dietabackweb\system\Database\BaseBuilder.php(1649): CodeIgniter\Database\BaseConnection->query('SELECT *\nFROM `...', Array, false)
#4 C:\xampp\htdocs\dietabackweb\system\Model.php(286): CodeIgniter\Database\BaseBuilder->get()
#5 C:\xampp\htdocs\dietabackweb\system\BaseModel.php(675): CodeIgniter\Model->doFindAll(0, 0)
#6 C:\xampp\htdocs\dietabackweb\app\Controllers\BannersController.php(20): CodeIgniter\BaseModel->findAll()
#7 C:\xampp\htdocs\dietabackweb\system\CodeIgniter.php(933): App\Controllers\BannersController->index()
#8 C:\xampp\htdocs\dietabackweb\system\CodeIgniter.php(507): CodeIgniter\CodeIgniter->runController(Object(App\Controllers\BannersController))
#9 C:\xampp\htdocs\dietabackweb\system\CodeIgniter.php(354): CodeIgniter\CodeIgniter->handleRequest(NULL, Object(Config\Cache), false)
#10 C:\xampp\htdocs\dietabackweb\system\Boot.php(334): CodeIgniter\CodeIgniter->run()
#11 C:\xampp\htdocs\dietabackweb\system\Boot.php(67): CodeIgniter\Boot::runCodeIgniter(Object(CodeIgniter\CodeIgniter))
#12 C:\xampp\htdocs\dietabackweb\public\index.php(63): CodeIgniter\Boot::bootWeb(Object(Config\Paths))
#13 C:\xampp\htdocs\dietabackweb\system\rewrite.php(44): require_once('C:\\xampp\\htdocs...')
#14 {main}

Next CodeIgniter\Database\Exceptions\DatabaseException: No se puede establecer una conexión ya que el equipo de destino denegó expresamente dicha conexión in C:\xampp\htdocs\dietabackweb\system\Database\MySQLi\Connection.php:246
Stack trace:
#0 C:\xampp\htdocs\dietabackweb\system\Database\BaseConnection.php(421): CodeIgniter\Database\MySQLi\Connection->connect(false)
#1 C:\xampp\htdocs\dietabackweb\system\Database\BaseConnection.php(620): CodeIgniter\Database\BaseConnection->initialize()
#2 C:\xampp\htdocs\dietabackweb\system\Database\BaseBuilder.php(1649): CodeIgniter\Database\BaseConnection->query('SELECT *\nFROM `...', Array, false)
#3 C:\xampp\htdocs\dietabackweb\system\Model.php(286): CodeIgniter\Database\BaseBuilder->get()
#4 C:\xampp\htdocs\dietabackweb\system\BaseModel.php(675): CodeIgniter\Model->doFindAll(0, 0)
#5 C:\xampp\htdocs\dietabackweb\app\Controllers\BannersController.php(20): CodeIgniter\BaseModel->findAll()
#6 C:\xampp\htdocs\dietabackweb\system\CodeIgniter.php(933): App\Controllers\BannersController->index()
#7 C:\xampp\htdocs\dietabackweb\system\CodeIgniter.php(507): CodeIgniter\CodeIgniter->runController(Object(App\Controllers\BannersController))
#8 C:\xampp\htdocs\dietabackweb\system\CodeIgniter.php(354): CodeIgniter\CodeIgniter->handleRequest(NULL, Object(Config\Cache), false)
#9 C:\xampp\htdocs\dietabackweb\system\Boot.php(334): CodeIgniter\CodeIgniter->run()
#10 C:\xampp\htdocs\dietabackweb\system\Boot.php(67): CodeIgniter\Boot::runCodeIgniter(Object(CodeIgniter\CodeIgniter))
#11 C:\xampp\htdocs\dietabackweb\public\index.php(63): CodeIgniter\Boot::bootWeb(Object(Config\Paths))
#12 C:\xampp\htdocs\dietabackweb\system\rewrite.php(44): require_once('C:\\xampp\\htdocs...')
#13 {main}
CRITICAL - 2026-01-05 21:30:24 --> CodeIgniter\Database\Exceptions\DatabaseException: Unable to connect to the database.
Main connection [MySQLi]: No se puede establecer una conexión ya que el equipo de destino denegó expresamente dicha conexión
[Method: GET, Route: banners]
in SYSTEMPATH\Database\BaseConnection.php on line 467.
 1 SYSTEMPATH\Database\BaseConnection.php(620): CodeIgniter\Database\BaseConnection->initialize()
 2 SYSTEMPATH\Database\BaseBuilder.php(1649): CodeIgniter\Database\BaseConnection->query('SELECT *
FROM `banners`', [], false)
 3 SYSTEMPATH\Model.php(286): CodeIgniter\Database\BaseBuilder->get()
 4 SYSTEMPATH\BaseModel.php(675): CodeIgniter\Model->doFindAll(0, 0)
 5 APPPATH\Controllers\BannersController.php(20): CodeIgniter\BaseModel->findAll()
 6 SYSTEMPATH\CodeIgniter.php(933): App\Controllers\BannersController->index()
 7 SYSTEMPATH\CodeIgniter.php(507): CodeIgniter\CodeIgniter->runController(Object(App\Controllers\BannersController))
 8 SYSTEMPATH\CodeIgniter.php(354): CodeIgniter\CodeIgniter->handleRequest(null, Object(Config\Cache), false)
 9 SYSTEMPATH\Boot.php(334): CodeIgniter\CodeIgniter->run()
10 SYSTEMPATH\Boot.php(67): CodeIgniter\Boot::runCodeIgniter(Object(CodeIgniter\CodeIgniter))
11 FCPATH\index.php(63): CodeIgniter\Boot::bootWeb(Object(Config\Paths))
12 SYSTEMPATH\rewrite.php(44): require_once('C:\\xampp\\htdocs\\dietabackweb\\public\\index.php')
ERROR - 2026-01-05 21:30:28 --> Error connecting to the database: mysqli_sql_exception: No se puede establecer una conexión ya que el equipo de destino denegó expresamente dicha conexión in C:\xampp\htdocs\dietabackweb\system\Database\MySQLi\Connection.php:201
Stack trace:
#0 C:\xampp\htdocs\dietabackweb\system\Database\MySQLi\Connection.php(201): mysqli->real_connect('localhost', 'root', Object(SensitiveParameterValue), 'auction_bids', 3306, '', 0)
#1 C:\xampp\htdocs\dietabackweb\system\Database\BaseConnection.php(421): CodeIgniter\Database\MySQLi\Connection->connect(false)
#2 C:\xampp\htdocs\dietabackweb\system\Database\BaseConnection.php(620): CodeIgniter\Database\BaseConnection->initialize()
#3 C:\xampp\htdocs\dietabackweb\system\Database\BaseBuilder.php(1649): CodeIgniter\Database\BaseConnection->query('SELECT `c`.`idC...', Array, false)
#4 C:\xampp\htdocs\dietabackweb\app\Controllers\CategoriesController.php(33): CodeIgniter\Database\BaseBuilder->get()
#5 C:\xampp\htdocs\dietabackweb\system\CodeIgniter.php(933): App\Controllers\CategoriesController->getCategories()
#6 C:\xampp\htdocs\dietabackweb\system\CodeIgniter.php(507): CodeIgniter\CodeIgniter->runController(Object(App\Controllers\CategoriesController))
#7 C:\xampp\htdocs\dietabackweb\system\CodeIgniter.php(354): CodeIgniter\CodeIgniter->handleRequest(NULL, Object(Config\Cache), false)
#8 C:\xampp\htdocs\dietabackweb\system\Boot.php(334): CodeIgniter\CodeIgniter->run()
#9 C:\xampp\htdocs\dietabackweb\system\Boot.php(67): CodeIgniter\Boot::runCodeIgniter(Object(CodeIgniter\CodeIgniter))
#10 C:\xampp\htdocs\dietabackweb\public\index.php(63): CodeIgniter\Boot::bootWeb(Object(Config\Paths))
#11 C:\xampp\htdocs\dietabackweb\system\rewrite.php(44): require_once('C:\\xampp\\htdocs...')
#12 {main}

Next CodeIgniter\Database\Exceptions\DatabaseException: No se puede establecer una conexión ya que el equipo de destino denegó expresamente dicha conexión in C:\xampp\htdocs\dietabackweb\system\Database\MySQLi\Connection.php:246
Stack trace:
#0 C:\xampp\htdocs\dietabackweb\system\Database\BaseConnection.php(421): CodeIgniter\Database\MySQLi\Connection->connect(false)
#1 C:\xampp\htdocs\dietabackweb\system\Database\BaseConnection.php(620): CodeIgniter\Database\BaseConnection->initialize()
#2 C:\xampp\htdocs\dietabackweb\system\Database\BaseBuilder.php(1649): CodeIgniter\Database\BaseConnection->query('SELECT `c`.`idC...', Array, false)
#3 C:\xampp\htdocs\dietabackweb\app\Controllers\CategoriesController.php(33): CodeIgniter\Database\BaseBuilder->get()
#4 C:\xampp\htdocs\dietabackweb\system\CodeIgniter.php(933): App\Controllers\CategoriesController->getCategories()
#5 C:\xampp\htdocs\dietabackweb\system\CodeIgniter.php(507): CodeIgniter\CodeIgniter->runController(Object(App\Controllers\CategoriesController))
#6 C:\xampp\htdocs\dietabackweb\system\CodeIgniter.php(354): CodeIgniter\CodeIgniter->handleRequest(NULL, Object(Config\Cache), false)
#7 C:\xampp\htdocs\dietabackweb\system\Boot.php(334): CodeIgniter\CodeIgniter->run()
#8 C:\xampp\htdocs\dietabackweb\system\Boot.php(67): CodeIgniter\Boot::runCodeIgniter(Object(CodeIgniter\CodeIgniter))
#9 C:\xampp\htdocs\dietabackweb\public\index.php(63): CodeIgniter\Boot::bootWeb(Object(Config\Paths))
#10 C:\xampp\htdocs\dietabackweb\system\rewrite.php(44): require_once('C:\\xampp\\htdocs...')
#11 {main}
CRITICAL - 2026-01-05 21:30:28 --> CodeIgniter\Database\Exceptions\DatabaseException: Unable to connect to the database.
Main connection [MySQLi]: No se puede establecer una conexión ya que el equipo de destino denegó expresamente dicha conexión
[Method: GET, Route: categories/active]
in SYSTEMPATH\Database\BaseConnection.php on line 467.
 1 SYSTEMPATH\Database\BaseConnection.php(620): CodeIgniter\Database\BaseConnection->initialize()
 2 SYSTEMPATH\Database\BaseBuilder.php(1649): CodeIgniter\Database\BaseConnection->query('SELECT `c`.`idCategory`, `c`.`name`, `c`.`image`, `c`.`url`, COUNT(p.idProduct) AS total_productos
FROM `categories` `c`
LEFT JOIN `products` `p` ON `c`.`idCategory` = `p`.`idCategory` and `p`.`status` = 1
GROUP BY `c`.`idCategory`, `c`.`name`, `c`.`image`, `c`.`url`', [], false)
 3 APPPATH\Controllers\CategoriesController.php(33): CodeIgniter\Database\BaseBuilder->get()
 4 SYSTEMPATH\CodeIgniter.php(933): App\Controllers\CategoriesController->getCategories()
 5 SYSTEMPATH\CodeIgniter.php(507): CodeIgniter\CodeIgniter->runController(Object(App\Controllers\CategoriesController))
 6 SYSTEMPATH\CodeIgniter.php(354): CodeIgniter\CodeIgniter->handleRequest(null, Object(Config\Cache), false)
 7 SYSTEMPATH\Boot.php(334): CodeIgniter\CodeIgniter->run()
 8 SYSTEMPATH\Boot.php(67): CodeIgniter\Boot::runCodeIgniter(Object(CodeIgniter\CodeIgniter))
 9 FCPATH\index.php(63): CodeIgniter\Boot::bootWeb(Object(Config\Paths))
10 SYSTEMPATH\rewrite.php(44): require_once('C:\\xampp\\htdocs\\dietabackweb\\public\\index.php')
ERROR - 2026-01-05 21:30:32 --> Error connecting to the database: mysqli_sql_exception: No se puede establecer una conexión ya que el equipo de destino denegó expresamente dicha conexión in C:\xampp\htdocs\dietabackweb\system\Database\MySQLi\Connection.php:201
Stack trace:
#0 C:\xampp\htdocs\dietabackweb\system\Database\MySQLi\Connection.php(201): mysqli->real_connect('localhost', 'root', Object(SensitiveParameterValue), 'auction_bids', 3306, '', 0)
#1 C:\xampp\htdocs\dietabackweb\system\Database\BaseConnection.php(421): CodeIgniter\Database\MySQLi\Connection->connect(false)
#2 C:\xampp\htdocs\dietabackweb\system\Database\BaseConnection.php(620): CodeIgniter\Database\BaseConnection->initialize()
#3 C:\xampp\htdocs\dietabackweb\system\Database\BaseBuilder.php(1649): CodeIgniter\Database\BaseConnection->query('SELECT `p`.`idP...', Array, false)
#4 C:\xampp\htdocs\dietabackweb\app\Controllers\ProductsController.php(73): CodeIgniter\Database\BaseBuilder->get()
#5 C:\xampp\htdocs\dietabackweb\system\CodeIgniter.php(933): App\Controllers\ProductsController->getProductsImage()
#6 C:\xampp\htdocs\dietabackweb\system\CodeIgniter.php(507): CodeIgniter\CodeIgniter->runController(Object(App\Controllers\ProductsController))
#7 C:\xampp\htdocs\dietabackweb\system\CodeIgniter.php(354): CodeIgniter\CodeIgniter->handleRequest(NULL, Object(Config\Cache), false)
#8 C:\xampp\htdocs\dietabackweb\system\Boot.php(334): CodeIgniter\CodeIgniter->run()
#9 C:\xampp\htdocs\dietabackweb\system\Boot.php(67): CodeIgniter\Boot::runCodeIgniter(Object(CodeIgniter\CodeIgniter))
#10 C:\xampp\htdocs\dietabackweb\public\index.php(63): CodeIgniter\Boot::bootWeb(Object(Config\Paths))
#11 C:\xampp\htdocs\dietabackweb\system\rewrite.php(44): require_once('C:\\xampp\\htdocs...')
#12 {main}

Next CodeIgniter\Database\Exceptions\DatabaseException: No se puede establecer una conexión ya que el equipo de destino denegó expresamente dicha conexión in C:\xampp\htdocs\dietabackweb\system\Database\MySQLi\Connection.php:246
Stack trace:
#0 C:\xampp\htdocs\dietabackweb\system\Database\BaseConnection.php(421): CodeIgniter\Database\MySQLi\Connection->connect(false)
#1 C:\xampp\htdocs\dietabackweb\system\Database\BaseConnection.php(620): CodeIgniter\Database\BaseConnection->initialize()
#2 C:\xampp\htdocs\dietabackweb\system\Database\BaseBuilder.php(1649): CodeIgniter\Database\BaseConnection->query('SELECT `p`.`idP...', Array, false)
#3 C:\xampp\htdocs\dietabackweb\app\Controllers\ProductsController.php(73): CodeIgniter\Database\BaseBuilder->get()
#4 C:\xampp\htdocs\dietabackweb\system\CodeIgniter.php(933): App\Controllers\ProductsController->getProductsImage()
#5 C:\xampp\htdocs\dietabackweb\system\CodeIgniter.php(507): CodeIgniter\CodeIgniter->runController(Object(App\Controllers\ProductsController))
#6 C:\xampp\htdocs\dietabackweb\system\CodeIgniter.php(354): CodeIgniter\CodeIgniter->handleRequest(NULL, Object(Config\Cache), false)
#7 C:\xampp\htdocs\dietabackweb\system\Boot.php(334): CodeIgniter\CodeIgniter->run()
#8 C:\xampp\htdocs\dietabackweb\system\Boot.php(67): CodeIgniter\Boot::runCodeIgniter(Object(CodeIgniter\CodeIgniter))
#9 C:\xampp\htdocs\dietabackweb\public\index.php(63): CodeIgniter\Boot::bootWeb(Object(Config\Paths))
#10 C:\xampp\htdocs\dietabackweb\system\rewrite.php(44): require_once('C:\\xampp\\htdocs...')
#11 {main}
CRITICAL - 2026-01-05 21:30:32 --> CodeIgniter\Database\Exceptions\DatabaseException: Unable to connect to the database.
Main connection [MySQLi]: No se puede establecer una conexión ya que el equipo de destino denegó expresamente dicha conexión
[Method: GET, Route: products/categories]
in SYSTEMPATH\Database\BaseConnection.php on line 467.
 1 SYSTEMPATH\Database\BaseConnection.php(620): CodeIgniter\Database\BaseConnection->initialize()
 2 SYSTEMPATH\Database\BaseBuilder.php(1649): CodeIgniter\Database\BaseConnection->query('SELECT `p`.`idProduct`, `p`.`name`, `p`.`price`, MIN(i.url) AS image_url, `p`.`description`
FROM `products` `p`
LEFT JOIN `images` `i` ON `p`.`idProduct` = `i`.`idProduct`
WHERE `p`.`status` = :p.status:
GROUP BY `p`.`idProduct`, `p`.`name`, `p`.`price`, `p`.`description`
ORDER BY `p`.`idProduct` DESC', [...], false)
 3 APPPATH\Controllers\ProductsController.php(73): CodeIgniter\Database\BaseBuilder->get()
 4 SYSTEMPATH\CodeIgniter.php(933): App\Controllers\ProductsController->getProductsImage()
 5 SYSTEMPATH\CodeIgniter.php(507): CodeIgniter\CodeIgniter->runController(Object(App\Controllers\ProductsController))
 6 SYSTEMPATH\CodeIgniter.php(354): CodeIgniter\CodeIgniter->handleRequest(null, Object(Config\Cache), false)
 7 SYSTEMPATH\Boot.php(334): CodeIgniter\CodeIgniter->run()
 8 SYSTEMPATH\Boot.php(67): CodeIgniter\Boot::runCodeIgniter(Object(CodeIgniter\CodeIgniter))
 9 FCPATH\index.php(63): CodeIgniter\Boot::bootWeb(Object(Config\Paths))
10 SYSTEMPATH\rewrite.php(44): require_once('C:\\xampp\\htdocs\\dietabackweb\\public\\index.php')
ERROR - 2026-01-05 21:31:04 --> Error connecting to the database: mysqli_sql_exception: No se puede establecer una conexión ya que el equipo de destino denegó expresamente dicha conexión in C:\xampp\htdocs\dietabackweb\system\Database\MySQLi\Connection.php:201
Stack trace:
#0 C:\xampp\htdocs\dietabackweb\system\Database\MySQLi\Connection.php(201): mysqli->real_connect('localhost', 'root', Object(SensitiveParameterValue), 'auction_bids', 3306, '', 0)
#1 C:\xampp\htdocs\dietabackweb\system\Database\BaseConnection.php(421): CodeIgniter\Database\MySQLi\Connection->connect(false)
#2 C:\xampp\htdocs\dietabackweb\system\Database\BaseConnection.php(620): CodeIgniter\Database\BaseConnection->initialize()
#3 C:\xampp\htdocs\dietabackweb\system\Database\BaseBuilder.php(1649): CodeIgniter\Database\BaseConnection->query('SELECT `p`.`idP...', Array, false)
#4 C:\xampp\htdocs\dietabackweb\app\Controllers\CartController.php(51): CodeIgniter\Database\BaseBuilder->get()
#5 C:\xampp\htdocs\dietabackweb\system\CodeIgniter.php(933): App\Controllers\CartController->getCart('9')
#6 C:\xampp\htdocs\dietabackweb\system\CodeIgniter.php(507): CodeIgniter\CodeIgniter->runController(Object(App\Controllers\CartController))
#7 C:\xampp\htdocs\dietabackweb\system\CodeIgniter.php(354): CodeIgniter\CodeIgniter->handleRequest(NULL, Object(Config\Cache), false)
#8 C:\xampp\htdocs\dietabackweb\system\Boot.php(334): CodeIgniter\CodeIgniter->run()
#9 C:\xampp\htdocs\dietabackweb\system\Boot.php(67): CodeIgniter\Boot::runCodeIgniter(Object(CodeIgniter\CodeIgniter))
#10 C:\xampp\htdocs\dietabackweb\public\index.php(63): CodeIgniter\Boot::bootWeb(Object(Config\Paths))
#11 C:\xampp\htdocs\dietabackweb\system\rewrite.php(44): require_once('C:\\xampp\\htdocs...')
#12 {main}

Next CodeIgniter\Database\Exceptions\DatabaseException: No se puede establecer una conexión ya que el equipo de destino denegó expresamente dicha conexión in C:\xampp\htdocs\dietabackweb\system\Database\MySQLi\Connection.php:246
Stack trace:
#0 C:\xampp\htdocs\dietabackweb\system\Database\BaseConnection.php(421): CodeIgniter\Database\MySQLi\Connection->connect(false)
#1 C:\xampp\htdocs\dietabackweb\system\Database\BaseConnection.php(620): CodeIgniter\Database\BaseConnection->initialize()
#2 C:\xampp\htdocs\dietabackweb\system\Database\BaseBuilder.php(1649): CodeIgniter\Database\BaseConnection->query('SELECT `p`.`idP...', Array, false)
#3 C:\xampp\htdocs\dietabackweb\app\Controllers\CartController.php(51): CodeIgniter\Database\BaseBuilder->get()
#4 C:\xampp\htdocs\dietabackweb\system\CodeIgniter.php(933): App\Controllers\CartController->getCart('9')
#5 C:\xampp\htdocs\dietabackweb\system\CodeIgniter.php(507): CodeIgniter\CodeIgniter->runController(Object(App\Controllers\CartController))
#6 C:\xampp\htdocs\dietabackweb\system\CodeIgniter.php(354): CodeIgniter\CodeIgniter->handleRequest(NULL, Object(Config\Cache), false)
#7 C:\xampp\htdocs\dietabackweb\system\Boot.php(334): CodeIgniter\CodeIgniter->run()
#8 C:\xampp\htdocs\dietabackweb\system\Boot.php(67): CodeIgniter\Boot::runCodeIgniter(Object(CodeIgniter\CodeIgniter))
#9 C:\xampp\htdocs\dietabackweb\public\index.php(63): CodeIgniter\Boot::bootWeb(Object(Config\Paths))
#10 C:\xampp\htdocs\dietabackweb\system\rewrite.php(44): require_once('C:\\xampp\\htdocs...')
#11 {main}
CRITICAL - 2026-01-05 21:31:04 --> CodeIgniter\Database\Exceptions\DatabaseException: Unable to connect to the database.
Main connection [MySQLi]: No se puede establecer una conexión ya que el equipo de destino denegó expresamente dicha conexión
[Method: GET, Route: cart/get/9]
in SYSTEMPATH\Database\BaseConnection.php on line 467.
 1 SYSTEMPATH\Database\BaseConnection.php(620): CodeIgniter\Database\BaseConnection->initialize()
 2 SYSTEMPATH\Database\BaseBuilder.php(1649): CodeIgniter\Database\BaseConnection->query('SELECT `p`.`idProduct`, `p`.`description`, `p`.`price`, `p`.`name`, `c`.`idCart`, MIN(i.url) AS image_url
FROM `cart` `c`
LEFT JOIN `products` `p` ON `c`.`idProduct` = `p`.`idProduct`
LEFT JOIN `users` `u` ON `c`.`idUser` = `u`.`idUser`
LEFT JOIN `images` `i` ON `c`.`idProduct` = `i`.`idProduct`
WHERE `c`.`idUser` = :c.idUser:
GROUP BY `p`.`idProduct`, `p`.`description`, `p`.`price`, `p`.`name`, `c`.`idCart`', [...], false)
 3 APPPATH\Controllers\CartController.php(51): CodeIgniter\Database\BaseBuilder->get()
 4 SYSTEMPATH\CodeIgniter.php(933): App\Controllers\CartController->getCart('9')
 5 SYSTEMPATH\CodeIgniter.php(507): CodeIgniter\CodeIgniter->runController(Object(App\Controllers\CartController))
 6 SYSTEMPATH\CodeIgniter.php(354): CodeIgniter\CodeIgniter->handleRequest(null, Object(Config\Cache), false)
 7 SYSTEMPATH\Boot.php(334): CodeIgniter\CodeIgniter->run()
 8 SYSTEMPATH\Boot.php(67): CodeIgniter\Boot::runCodeIgniter(Object(CodeIgniter\CodeIgniter))
 9 FCPATH\index.php(63): CodeIgniter\Boot::bootWeb(Object(Config\Paths))
10 SYSTEMPATH\rewrite.php(44): require_once('C:\\xampp\\htdocs\\dietabackweb\\public\\index.php')
ERROR - 2026-01-05 21:31:09 --> Error connecting to the database: mysqli_sql_exception: No se puede establecer una conexión ya que el equipo de destino denegó expresamente dicha conexión in C:\xampp\htdocs\dietabackweb\system\Database\MySQLi\Connection.php:201
Stack trace:
#0 C:\xampp\htdocs\dietabackweb\system\Database\MySQLi\Connection.php(201): mysqli->real_connect('localhost', 'root', Object(SensitiveParameterValue), 'auction_bids', 3306, '', 0)
#1 C:\xampp\htdocs\dietabackweb\system\Database\BaseConnection.php(421): CodeIgniter\Database\MySQLi\Connection->connect(false)
#2 C:\xampp\htdocs\dietabackweb\system\Database\BaseConnection.php(620): CodeIgniter\Database\BaseConnection->initialize()
#3 C:\xampp\htdocs\dietabackweb\system\Database\BaseBuilder.php(1649): CodeIgniter\Database\BaseConnection->query('SELECT `p`.`idP...', Array, false)
#4 C:\xampp\htdocs\dietabackweb\app\Controllers\WishListController.php(53): CodeIgniter\Database\BaseBuilder->get()
#5 C:\xampp\htdocs\dietabackweb\system\CodeIgniter.php(933): App\Controllers\WishListController->getWishList('9')
#6 C:\xampp\htdocs\dietabackweb\system\CodeIgniter.php(507): CodeIgniter\CodeIgniter->runController(Object(App\Controllers\WishListController))
#7 C:\xampp\htdocs\dietabackweb\system\CodeIgniter.php(354): CodeIgniter\CodeIgniter->handleRequest(NULL, Object(Config\Cache), false)
#8 C:\xampp\htdocs\dietabackweb\system\Boot.php(334): CodeIgniter\CodeIgniter->run()
#9 C:\xampp\htdocs\dietabackweb\system\Boot.php(67): CodeIgniter\Boot::runCodeIgniter(Object(CodeIgniter\CodeIgniter))
#10 C:\xampp\htdocs\dietabackweb\public\index.php(63): CodeIgniter\Boot::bootWeb(Object(Config\Paths))
#11 C:\xampp\htdocs\dietabackweb\system\rewrite.php(44): require_once('C:\\xampp\\htdocs...')
#12 {main}

Next CodeIgniter\Database\Exceptions\DatabaseException: No se puede establecer una conexión ya que el equipo de destino denegó expresamente dicha conexión in C:\xampp\htdocs\dietabackweb\system\Database\MySQLi\Connection.php:246
Stack trace:
#0 C:\xampp\htdocs\dietabackweb\system\Database\BaseConnection.php(421): CodeIgniter\Database\MySQLi\Connection->connect(false)
#1 C:\xampp\htdocs\dietabackweb\system\Database\BaseConnection.php(620): CodeIgniter\Database\BaseConnection->initialize()
#2 C:\xampp\htdocs\dietabackweb\system\Database\BaseBuilder.php(1649): CodeIgniter\Database\BaseConnection->query('SELECT `p`.`idP...', Array, false)
#3 C:\xampp\htdocs\dietabackweb\app\Controllers\WishListController.php(53): CodeIgniter\Database\BaseBuilder->get()
#4 C:\xampp\htdocs\dietabackweb\system\CodeIgniter.php(933): App\Controllers\WishListController->getWishList('9')
#5 C:\xampp\htdocs\dietabackweb\system\CodeIgniter.php(507): CodeIgniter\CodeIgniter->runController(Object(App\Controllers\WishListController))
#6 C:\xampp\htdocs\dietabackweb\system\CodeIgniter.php(354): CodeIgniter\CodeIgniter->handleRequest(NULL, Object(Config\Cache), false)
#7 C:\xampp\htdocs\dietabackweb\system\Boot.php(334): CodeIgniter\CodeIgniter->run()
#8 C:\xampp\htdocs\dietabackweb\system\Boot.php(67): CodeIgniter\Boot::runCodeIgniter(Object(CodeIgniter\CodeIgniter))
#9 C:\xampp\htdocs\dietabackweb\public\index.php(63): CodeIgniter\Boot::bootWeb(Object(Config\Paths))
#10 C:\xampp\htdocs\dietabackweb\system\rewrite.php(44): require_once('C:\\xampp\\htdocs...')
#11 {main}
CRITICAL - 2026-01-05 21:31:09 --> CodeIgniter\Database\Exceptions\DatabaseException: Unable to connect to the database.
Main connection [MySQLi]: No se puede establecer una conexión ya que el equipo de destino denegó expresamente dicha conexión
[Method: GET, Route: wishlist/get/9]
in SYSTEMPATH\Database\BaseConnection.php on line 467.
 1 SYSTEMPATH\Database\BaseConnection.php(620): CodeIgniter\Database\BaseConnection->initialize()
 2 SYSTEMPATH\Database\BaseBuilder.php(1649): CodeIgniter\Database\BaseConnection->query('SELECT `p`.`idProduct`, `p`.`description`, `u`.`name` AS `userName`, `u`.`lastName`, `u`.`email`, `p`.`name`, `p`.`price`, `c`.`idWishList`, MIN(i.url) AS image_url
FROM `wishlist` `c`
LEFT JOIN `products` `p` ON `c`.`idProduct` = `p`.`idProduct`
LEFT JOIN `users` `u` ON `c`.`idUser` = `u`.`idUser`
LEFT JOIN `images` `i` ON `c`.`idProduct` = `i`.`idProduct`
WHERE `c`.`idUser` = :c.idUser:
AND `p`.`status` = :p.status:
GROUP BY `p`.`idProduct`, `p`.`description`, `p`.`name`, `p`.`price`, `c`.`idWishList`, `u`.`lastName`, `u`.`email`', [...], false)
 3 APPPATH\Controllers\WishListController.php(53): CodeIgniter\Database\BaseBuilder->get()
 4 SYSTEMPATH\CodeIgniter.php(933): App\Controllers\WishListController->getWishList('9')
 5 SYSTEMPATH\CodeIgniter.php(507): CodeIgniter\CodeIgniter->runController(Object(App\Controllers\WishListController))
 6 SYSTEMPATH\CodeIgniter.php(354): CodeIgniter\CodeIgniter->handleRequest(null, Object(Config\Cache), false)
 7 SYSTEMPATH\Boot.php(334): CodeIgniter\CodeIgniter->run()
 8 SYSTEMPATH\Boot.php(67): CodeIgniter\Boot::runCodeIgniter(Object(CodeIgniter\CodeIgniter))
 9 FCPATH\index.php(63): CodeIgniter\Boot::bootWeb(Object(Config\Paths))
10 SYSTEMPATH\rewrite.php(44): require_once('C:\\xampp\\htdocs\\dietabackweb\\public\\index.php')
ERROR - 2026-01-05 21:31:14 --> Error connecting to the database: mysqli_sql_exception: No se puede establecer una conexión ya que el equipo de destino denegó expresamente dicha conexión in C:\xampp\htdocs\dietabackweb\system\Database\MySQLi\Connection.php:201
Stack trace:
#0 C:\xampp\htdocs\dietabackweb\system\Database\MySQLi\Connection.php(201): mysqli->real_connect('localhost', 'root', Object(SensitiveParameterValue), 'auction_bids', 3306, '', 0)
#1 C:\xampp\htdocs\dietabackweb\system\Database\BaseConnection.php(421): CodeIgniter\Database\MySQLi\Connection->connect(false)
#2 C:\xampp\htdocs\dietabackweb\system\Database\BaseConnection.php(620): CodeIgniter\Database\BaseConnection->initialize()
#3 C:\xampp\htdocs\dietabackweb\system\Database\BaseBuilder.php(1649): CodeIgniter\Database\BaseConnection->query('SELECT *\nFROM `...', Array, false)
#4 C:\xampp\htdocs\dietabackweb\system\Model.php(286): CodeIgniter\Database\BaseBuilder->get()
#5 C:\xampp\htdocs\dietabackweb\system\BaseModel.php(675): CodeIgniter\Model->doFindAll(0, 0)
#6 C:\xampp\htdocs\dietabackweb\app\Controllers\BannersController.php(20): CodeIgniter\BaseModel->findAll()
#7 C:\xampp\htdocs\dietabackweb\system\CodeIgniter.php(933): App\Controllers\BannersController->index()
#8 C:\xampp\htdocs\dietabackweb\system\CodeIgniter.php(507): CodeIgniter\CodeIgniter->runController(Object(App\Controllers\BannersController))
#9 C:\xampp\htdocs\dietabackweb\system\CodeIgniter.php(354): CodeIgniter\CodeIgniter->handleRequest(NULL, Object(Config\Cache), false)
#10 C:\xampp\htdocs\dietabackweb\system\Boot.php(334): CodeIgniter\CodeIgniter->run()
#11 C:\xampp\htdocs\dietabackweb\system\Boot.php(67): CodeIgniter\Boot::runCodeIgniter(Object(CodeIgniter\CodeIgniter))
#12 C:\xampp\htdocs\dietabackweb\public\index.php(63): CodeIgniter\Boot::bootWeb(Object(Config\Paths))
#13 C:\xampp\htdocs\dietabackweb\system\rewrite.php(44): require_once('C:\\xampp\\htdocs...')
#14 {main}

Next CodeIgniter\Database\Exceptions\DatabaseException: No se puede establecer una conexión ya que el equipo de destino denegó expresamente dicha conexión in C:\xampp\htdocs\dietabackweb\system\Database\MySQLi\Connection.php:246
Stack trace:
#0 C:\xampp\htdocs\dietabackweb\system\Database\BaseConnection.php(421): CodeIgniter\Database\MySQLi\Connection->connect(false)
#1 C:\xampp\htdocs\dietabackweb\system\Database\BaseConnection.php(620): CodeIgniter\Database\BaseConnection->initialize()
#2 C:\xampp\htdocs\dietabackweb\system\Database\BaseBuilder.php(1649): CodeIgniter\Database\BaseConnection->query('SELECT *\nFROM `...', Array, false)
#3 C:\xampp\htdocs\dietabackweb\system\Model.php(286): CodeIgniter\Database\BaseBuilder->get()
#4 C:\xampp\htdocs\dietabackweb\system\BaseModel.php(675): CodeIgniter\Model->doFindAll(0, 0)
#5 C:\xampp\htdocs\dietabackweb\app\Controllers\BannersController.php(20): CodeIgniter\BaseModel->findAll()
#6 C:\xampp\htdocs\dietabackweb\system\CodeIgniter.php(933): App\Controllers\BannersController->index()
#7 C:\xampp\htdocs\dietabackweb\system\CodeIgniter.php(507): CodeIgniter\CodeIgniter->runController(Object(App\Controllers\BannersController))
#8 C:\xampp\htdocs\dietabackweb\system\CodeIgniter.php(354): CodeIgniter\CodeIgniter->handleRequest(NULL, Object(Config\Cache), false)
#9 C:\xampp\htdocs\dietabackweb\system\Boot.php(334): CodeIgniter\CodeIgniter->run()
#10 C:\xampp\htdocs\dietabackweb\system\Boot.php(67): CodeIgniter\Boot::runCodeIgniter(Object(CodeIgniter\CodeIgniter))
#11 C:\xampp\htdocs\dietabackweb\public\index.php(63): CodeIgniter\Boot::bootWeb(Object(Config\Paths))
#12 C:\xampp\htdocs\dietabackweb\system\rewrite.php(44): require_once('C:\\xampp\\htdocs...')
#13 {main}
CRITICAL - 2026-01-05 21:31:14 --> CodeIgniter\Database\Exceptions\DatabaseException: Unable to connect to the database.
Main connection [MySQLi]: No se puede establecer una conexión ya que el equipo de destino denegó expresamente dicha conexión
[Method: GET, Route: banners]
in SYSTEMPATH\Database\BaseConnection.php on line 467.
 1 SYSTEMPATH\Database\BaseConnection.php(620): CodeIgniter\Database\BaseConnection->initialize()
 2 SYSTEMPATH\Database\BaseBuilder.php(1649): CodeIgniter\Database\BaseConnection->query('SELECT *
FROM `banners`', [], false)
 3 SYSTEMPATH\Model.php(286): CodeIgniter\Database\BaseBuilder->get()
 4 SYSTEMPATH\BaseModel.php(675): CodeIgniter\Model->doFindAll(0, 0)
 5 APPPATH\Controllers\BannersController.php(20): CodeIgniter\BaseModel->findAll()
 6 SYSTEMPATH\CodeIgniter.php(933): App\Controllers\BannersController->index()
 7 SYSTEMPATH\CodeIgniter.php(507): CodeIgniter\CodeIgniter->runController(Object(App\Controllers\BannersController))
 8 SYSTEMPATH\CodeIgniter.php(354): CodeIgniter\CodeIgniter->handleRequest(null, Object(Config\Cache), false)
 9 SYSTEMPATH\Boot.php(334): CodeIgniter\CodeIgniter->run()
10 SYSTEMPATH\Boot.php(67): CodeIgniter\Boot::runCodeIgniter(Object(CodeIgniter\CodeIgniter))
11 FCPATH\index.php(63): CodeIgniter\Boot::bootWeb(Object(Config\Paths))
12 SYSTEMPATH\rewrite.php(44): require_once('C:\\xampp\\htdocs\\dietabackweb\\public\\index.php')
ERROR - 2026-01-05 21:31:18 --> Error connecting to the database: mysqli_sql_exception: No se puede establecer una conexión ya que el equipo de destino denegó expresamente dicha conexión in C:\xampp\htdocs\dietabackweb\system\Database\MySQLi\Connection.php:201
Stack trace:
#0 C:\xampp\htdocs\dietabackweb\system\Database\MySQLi\Connection.php(201): mysqli->real_connect('localhost', 'root', Object(SensitiveParameterValue), 'auction_bids', 3306, '', 0)
#1 C:\xampp\htdocs\dietabackweb\system\Database\BaseConnection.php(421): CodeIgniter\Database\MySQLi\Connection->connect(false)
#2 C:\xampp\htdocs\dietabackweb\system\Database\BaseConnection.php(620): CodeIgniter\Database\BaseConnection->initialize()
#3 C:\xampp\htdocs\dietabackweb\system\Database\BaseBuilder.php(1649): CodeIgniter\Database\BaseConnection->query('SELECT `c`.`idC...', Array, false)
#4 C:\xampp\htdocs\dietabackweb\app\Controllers\CategoriesController.php(33): CodeIgniter\Database\BaseBuilder->get()
#5 C:\xampp\htdocs\dietabackweb\system\CodeIgniter.php(933): App\Controllers\CategoriesController->getCategories()
#6 C:\xampp\htdocs\dietabackweb\system\CodeIgniter.php(507): CodeIgniter\CodeIgniter->runController(Object(App\Controllers\CategoriesController))
#7 C:\xampp\htdocs\dietabackweb\system\CodeIgniter.php(354): CodeIgniter\CodeIgniter->handleRequest(NULL, Object(Config\Cache), false)
#8 C:\xampp\htdocs\dietabackweb\system\Boot.php(334): CodeIgniter\CodeIgniter->run()
#9 C:\xampp\htdocs\dietabackweb\system\Boot.php(67): CodeIgniter\Boot::runCodeIgniter(Object(CodeIgniter\CodeIgniter))
#10 C:\xampp\htdocs\dietabackweb\public\index.php(63): CodeIgniter\Boot::bootWeb(Object(Config\Paths))
#11 C:\xampp\htdocs\dietabackweb\system\rewrite.php(44): require_once('C:\\xampp\\htdocs...')
#12 {main}

Next CodeIgniter\Database\Exceptions\DatabaseException: No se puede establecer una conexión ya que el equipo de destino denegó expresamente dicha conexión in C:\xampp\htdocs\dietabackweb\system\Database\MySQLi\Connection.php:246
Stack trace:
#0 C:\xampp\htdocs\dietabackweb\system\Database\BaseConnection.php(421): CodeIgniter\Database\MySQLi\Connection->connect(false)
#1 C:\xampp\htdocs\dietabackweb\system\Database\BaseConnection.php(620): CodeIgniter\Database\BaseConnection->initialize()
#2 C:\xampp\htdocs\dietabackweb\system\Database\BaseBuilder.php(1649): CodeIgniter\Database\BaseConnection->query('SELECT `c`.`idC...', Array, false)
#3 C:\xampp\htdocs\dietabackweb\app\Controllers\CategoriesController.php(33): CodeIgniter\Database\BaseBuilder->get()
#4 C:\xampp\htdocs\dietabackweb\system\CodeIgniter.php(933): App\Controllers\CategoriesController->getCategories()
#5 C:\xampp\htdocs\dietabackweb\system\CodeIgniter.php(507): CodeIgniter\CodeIgniter->runController(Object(App\Controllers\CategoriesController))
#6 C:\xampp\htdocs\dietabackweb\system\CodeIgniter.php(354): CodeIgniter\CodeIgniter->handleRequest(NULL, Object(Config\Cache), false)
#7 C:\xampp\htdocs\dietabackweb\system\Boot.php(334): CodeIgniter\CodeIgniter->run()
#8 C:\xampp\htdocs\dietabackweb\system\Boot.php(67): CodeIgniter\Boot::runCodeIgniter(Object(CodeIgniter\CodeIgniter))
#9 C:\xampp\htdocs\dietabackweb\public\index.php(63): CodeIgniter\Boot::bootWeb(Object(Config\Paths))
#10 C:\xampp\htdocs\dietabackweb\system\rewrite.php(44): require_once('C:\\xampp\\htdocs...')
#11 {main}
CRITICAL - 2026-01-05 21:31:18 --> CodeIgniter\Database\Exceptions\DatabaseException: Unable to connect to the database.
Main connection [MySQLi]: No se puede establecer una conexión ya que el equipo de destino denegó expresamente dicha conexión
[Method: GET, Route: categories/active]
in SYSTEMPATH\Database\BaseConnection.php on line 467.
 1 SYSTEMPATH\Database\BaseConnection.php(620): CodeIgniter\Database\BaseConnection->initialize()
 2 SYSTEMPATH\Database\BaseBuilder.php(1649): CodeIgniter\Database\BaseConnection->query('SELECT `c`.`idCategory`, `c`.`name`, `c`.`image`, `c`.`url`, COUNT(p.idProduct) AS total_productos
FROM `categories` `c`
LEFT JOIN `products` `p` ON `c`.`idCategory` = `p`.`idCategory` and `p`.`status` = 1
GROUP BY `c`.`idCategory`, `c`.`name`, `c`.`image`, `c`.`url`', [], false)
 3 APPPATH\Controllers\CategoriesController.php(33): CodeIgniter\Database\BaseBuilder->get()
 4 SYSTEMPATH\CodeIgniter.php(933): App\Controllers\CategoriesController->getCategories()
 5 SYSTEMPATH\CodeIgniter.php(507): CodeIgniter\CodeIgniter->runController(Object(App\Controllers\CategoriesController))
 6 SYSTEMPATH\CodeIgniter.php(354): CodeIgniter\CodeIgniter->handleRequest(null, Object(Config\Cache), false)
 7 SYSTEMPATH\Boot.php(334): CodeIgniter\CodeIgniter->run()
 8 SYSTEMPATH\Boot.php(67): CodeIgniter\Boot::runCodeIgniter(Object(CodeIgniter\CodeIgniter))
 9 FCPATH\index.php(63): CodeIgniter\Boot::bootWeb(Object(Config\Paths))
10 SYSTEMPATH\rewrite.php(44): require_once('C:\\xampp\\htdocs\\dietabackweb\\public\\index.php')
ERROR - 2026-01-05 21:31:23 --> Error connecting to the database: mysqli_sql_exception: No se puede establecer una conexión ya que el equipo de destino denegó expresamente dicha conexión in C:\xampp\htdocs\dietabackweb\system\Database\MySQLi\Connection.php:201
Stack trace:
#0 C:\xampp\htdocs\dietabackweb\system\Database\MySQLi\Connection.php(201): mysqli->real_connect('localhost', 'root', Object(SensitiveParameterValue), 'auction_bids', 3306, '', 0)
#1 C:\xampp\htdocs\dietabackweb\system\Database\BaseConnection.php(421): CodeIgniter\Database\MySQLi\Connection->connect(false)
#2 C:\xampp\htdocs\dietabackweb\system\Database\BaseConnection.php(620): CodeIgniter\Database\BaseConnection->initialize()
#3 C:\xampp\htdocs\dietabackweb\system\Database\BaseBuilder.php(1649): CodeIgniter\Database\BaseConnection->query('SELECT `p`.`idP...', Array, false)
#4 C:\xampp\htdocs\dietabackweb\app\Controllers\ProductsController.php(73): CodeIgniter\Database\BaseBuilder->get()
#5 C:\xampp\htdocs\dietabackweb\system\CodeIgniter.php(933): App\Controllers\ProductsController->getProductsImage()
#6 C:\xampp\htdocs\dietabackweb\system\CodeIgniter.php(507): CodeIgniter\CodeIgniter->runController(Object(App\Controllers\ProductsController))
#7 C:\xampp\htdocs\dietabackweb\system\CodeIgniter.php(354): CodeIgniter\CodeIgniter->handleRequest(NULL, Object(Config\Cache), false)
#8 C:\xampp\htdocs\dietabackweb\system\Boot.php(334): CodeIgniter\CodeIgniter->run()
#9 C:\xampp\htdocs\dietabackweb\system\Boot.php(67): CodeIgniter\Boot::runCodeIgniter(Object(CodeIgniter\CodeIgniter))
#10 C:\xampp\htdocs\dietabackweb\public\index.php(63): CodeIgniter\Boot::bootWeb(Object(Config\Paths))
#11 C:\xampp\htdocs\dietabackweb\system\rewrite.php(44): require_once('C:\\xampp\\htdocs...')
#12 {main}

Next CodeIgniter\Database\Exceptions\DatabaseException: No se puede establecer una conexión ya que el equipo de destino denegó expresamente dicha conexión in C:\xampp\htdocs\dietabackweb\system\Database\MySQLi\Connection.php:246
Stack trace:
#0 C:\xampp\htdocs\dietabackweb\system\Database\BaseConnection.php(421): CodeIgniter\Database\MySQLi\Connection->connect(false)
#1 C:\xampp\htdocs\dietabackweb\system\Database\BaseConnection.php(620): CodeIgniter\Database\BaseConnection->initialize()
#2 C:\xampp\htdocs\dietabackweb\system\Database\BaseBuilder.php(1649): CodeIgniter\Database\BaseConnection->query('SELECT `p`.`idP...', Array, false)
#3 C:\xampp\htdocs\dietabackweb\app\Controllers\ProductsController.php(73): CodeIgniter\Database\BaseBuilder->get()
#4 C:\xampp\htdocs\dietabackweb\system\CodeIgniter.php(933): App\Controllers\ProductsController->getProductsImage()
#5 C:\xampp\htdocs\dietabackweb\system\CodeIgniter.php(507): CodeIgniter\CodeIgniter->runController(Object(App\Controllers\ProductsController))
#6 C:\xampp\htdocs\dietabackweb\system\CodeIgniter.php(354): CodeIgniter\CodeIgniter->handleRequest(NULL, Object(Config\Cache), false)
#7 C:\xampp\htdocs\dietabackweb\system\Boot.php(334): CodeIgniter\CodeIgniter->run()
#8 C:\xampp\htdocs\dietabackweb\system\Boot.php(67): CodeIgniter\Boot::runCodeIgniter(Object(CodeIgniter\CodeIgniter))
#9 C:\xampp\htdocs\dietabackweb\public\index.php(63): CodeIgniter\Boot::bootWeb(Object(Config\Paths))
#10 C:\xampp\htdocs\dietabackweb\system\rewrite.php(44): require_once('C:\\xampp\\htdocs...')
#11 {main}
CRITICAL - 2026-01-05 21:31:23 --> CodeIgniter\Database\Exceptions\DatabaseException: Unable to connect to the database.
Main connection [MySQLi]: No se puede establecer una conexión ya que el equipo de destino denegó expresamente dicha conexión
[Method: GET, Route: products/categories]
in SYSTEMPATH\Database\BaseConnection.php on line 467.
 1 SYSTEMPATH\Database\BaseConnection.php(620): CodeIgniter\Database\BaseConnection->initialize()
 2 SYSTEMPATH\Database\BaseBuilder.php(1649): CodeIgniter\Database\BaseConnection->query('SELECT `p`.`idProduct`, `p`.`name`, `p`.`price`, MIN(i.url) AS image_url, `p`.`description`
FROM `products` `p`
LEFT JOIN `images` `i` ON `p`.`idProduct` = `i`.`idProduct`
WHERE `p`.`status` = :p.status:
GROUP BY `p`.`idProduct`, `p`.`name`, `p`.`price`, `p`.`description`
ORDER BY `p`.`idProduct` DESC', [...], false)
 3 APPPATH\Controllers\ProductsController.php(73): CodeIgniter\Database\BaseBuilder->get()
 4 SYSTEMPATH\CodeIgniter.php(933): App\Controllers\ProductsController->getProductsImage()
 5 SYSTEMPATH\CodeIgniter.php(507): CodeIgniter\CodeIgniter->runController(Object(App\Controllers\ProductsController))
 6 SYSTEMPATH\CodeIgniter.php(354): CodeIgniter\CodeIgniter->handleRequest(null, Object(Config\Cache), false)
 7 SYSTEMPATH\Boot.php(334): CodeIgniter\CodeIgniter->run()
 8 SYSTEMPATH\Boot.php(67): CodeIgniter\Boot::runCodeIgniter(Object(CodeIgniter\CodeIgniter))
 9 FCPATH\index.php(63): CodeIgniter\Boot::bootWeb(Object(Config\Paths))
10 SYSTEMPATH\rewrite.php(44): require_once('C:\\xampp\\htdocs\\dietabackweb\\public\\index.php')
ERROR - 2026-01-05 21:34:38 --> Error connecting to the database: mysqli_sql_exception: No se puede establecer una conexión ya que el equipo de destino denegó expresamente dicha conexión in C:\xampp\htdocs\dietabackweb\system\Database\MySQLi\Connection.php:201
Stack trace:
#0 C:\xampp\htdocs\dietabackweb\system\Database\MySQLi\Connection.php(201): mysqli->real_connect('localhost', 'root', Object(SensitiveParameterValue), 'auction_bids', 3306, '', 0)
#1 C:\xampp\htdocs\dietabackweb\system\Database\BaseConnection.php(421): CodeIgniter\Database\MySQLi\Connection->connect(false)
#2 C:\xampp\htdocs\dietabackweb\system\Database\BaseConnection.php(620): CodeIgniter\Database\BaseConnection->initialize()
#3 C:\xampp\htdocs\dietabackweb\system\Database\BaseBuilder.php(1649): CodeIgniter\Database\BaseConnection->query('SELECT `p`.`idP...', Array, false)
#4 C:\xampp\htdocs\dietabackweb\app\Controllers\CartController.php(51): CodeIgniter\Database\BaseBuilder->get()
#5 C:\xampp\htdocs\dietabackweb\system\CodeIgniter.php(933): App\Controllers\CartController->getCart('9')
#6 C:\xampp\htdocs\dietabackweb\system\CodeIgniter.php(507): CodeIgniter\CodeIgniter->runController(Object(App\Controllers\CartController))
#7 C:\xampp\htdocs\dietabackweb\system\CodeIgniter.php(354): CodeIgniter\CodeIgniter->handleRequest(NULL, Object(Config\Cache), false)
#8 C:\xampp\htdocs\dietabackweb\system\Boot.php(334): CodeIgniter\CodeIgniter->run()
#9 C:\xampp\htdocs\dietabackweb\system\Boot.php(67): CodeIgniter\Boot::runCodeIgniter(Object(CodeIgniter\CodeIgniter))
#10 C:\xampp\htdocs\dietabackweb\public\index.php(63): CodeIgniter\Boot::bootWeb(Object(Config\Paths))
#11 C:\xampp\htdocs\dietabackweb\system\rewrite.php(44): require_once('C:\\xampp\\htdocs...')
#12 {main}

Next CodeIgniter\Database\Exceptions\DatabaseException: No se puede establecer una conexión ya que el equipo de destino denegó expresamente dicha conexión in C:\xampp\htdocs\dietabackweb\system\Database\MySQLi\Connection.php:246
Stack trace:
#0 C:\xampp\htdocs\dietabackweb\system\Database\BaseConnection.php(421): CodeIgniter\Database\MySQLi\Connection->connect(false)
#1 C:\xampp\htdocs\dietabackweb\system\Database\BaseConnection.php(620): CodeIgniter\Database\BaseConnection->initialize()
#2 C:\xampp\htdocs\dietabackweb\system\Database\BaseBuilder.php(1649): CodeIgniter\Database\BaseConnection->query('SELECT `p`.`idP...', Array, false)
#3 C:\xampp\htdocs\dietabackweb\app\Controllers\CartController.php(51): CodeIgniter\Database\BaseBuilder->get()
#4 C:\xampp\htdocs\dietabackweb\system\CodeIgniter.php(933): App\Controllers\CartController->getCart('9')
#5 C:\xampp\htdocs\dietabackweb\system\CodeIgniter.php(507): CodeIgniter\CodeIgniter->runController(Object(App\Controllers\CartController))
#6 C:\xampp\htdocs\dietabackweb\system\CodeIgniter.php(354): CodeIgniter\CodeIgniter->handleRequest(NULL, Object(Config\Cache), false)
#7 C:\xampp\htdocs\dietabackweb\system\Boot.php(334): CodeIgniter\CodeIgniter->run()
#8 C:\xampp\htdocs\dietabackweb\system\Boot.php(67): CodeIgniter\Boot::runCodeIgniter(Object(CodeIgniter\CodeIgniter))
#9 C:\xampp\htdocs\dietabackweb\public\index.php(63): CodeIgniter\Boot::bootWeb(Object(Config\Paths))
#10 C:\xampp\htdocs\dietabackweb\system\rewrite.php(44): require_once('C:\\xampp\\htdocs...')
#11 {main}
CRITICAL - 2026-01-05 21:34:38 --> CodeIgniter\Database\Exceptions\DatabaseException: Unable to connect to the database.
Main connection [MySQLi]: No se puede establecer una conexión ya que el equipo de destino denegó expresamente dicha conexión
[Method: GET, Route: cart/get/9]
in SYSTEMPATH\Database\BaseConnection.php on line 467.
 1 SYSTEMPATH\Database\BaseConnection.php(620): CodeIgniter\Database\BaseConnection->initialize()
 2 SYSTEMPATH\Database\BaseBuilder.php(1649): CodeIgniter\Database\BaseConnection->query('SELECT `p`.`idProduct`, `p`.`description`, `p`.`price`, `p`.`name`, `c`.`idCart`, MIN(i.url) AS image_url
FROM `cart` `c`
LEFT JOIN `products` `p` ON `c`.`idProduct` = `p`.`idProduct`
LEFT JOIN `users` `u` ON `c`.`idUser` = `u`.`idUser`
LEFT JOIN `images` `i` ON `c`.`idProduct` = `i`.`idProduct`
WHERE `c`.`idUser` = :c.idUser:
GROUP BY `p`.`idProduct`, `p`.`description`, `p`.`price`, `p`.`name`, `c`.`idCart`', [...], false)
 3 APPPATH\Controllers\CartController.php(51): CodeIgniter\Database\BaseBuilder->get()
 4 SYSTEMPATH\CodeIgniter.php(933): App\Controllers\CartController->getCart('9')
 5 SYSTEMPATH\CodeIgniter.php(507): CodeIgniter\CodeIgniter->runController(Object(App\Controllers\CartController))
 6 SYSTEMPATH\CodeIgniter.php(354): CodeIgniter\CodeIgniter->handleRequest(null, Object(Config\Cache), false)
 7 SYSTEMPATH\Boot.php(334): CodeIgniter\CodeIgniter->run()
 8 SYSTEMPATH\Boot.php(67): CodeIgniter\Boot::runCodeIgniter(Object(CodeIgniter\CodeIgniter))
 9 FCPATH\index.php(63): CodeIgniter\Boot::bootWeb(Object(Config\Paths))
10 SYSTEMPATH\rewrite.php(44): require_once('C:\\xampp\\htdocs\\dietabackweb\\public\\index.php')
ERROR - 2026-01-05 21:34:43 --> Error connecting to the database: mysqli_sql_exception: No se puede establecer una conexión ya que el equipo de destino denegó expresamente dicha conexión in C:\xampp\htdocs\dietabackweb\system\Database\MySQLi\Connection.php:201
Stack trace:
#0 C:\xampp\htdocs\dietabackweb\system\Database\MySQLi\Connection.php(201): mysqli->real_connect('localhost', 'root', Object(SensitiveParameterValue), 'auction_bids', 3306, '', 0)
#1 C:\xampp\htdocs\dietabackweb\system\Database\BaseConnection.php(421): CodeIgniter\Database\MySQLi\Connection->connect(false)
#2 C:\xampp\htdocs\dietabackweb\system\Database\BaseConnection.php(620): CodeIgniter\Database\BaseConnection->initialize()
#3 C:\xampp\htdocs\dietabackweb\system\Database\BaseBuilder.php(1649): CodeIgniter\Database\BaseConnection->query('SELECT `p`.`idP...', Array, false)
#4 C:\xampp\htdocs\dietabackweb\app\Controllers\WishListController.php(53): CodeIgniter\Database\BaseBuilder->get()
#5 C:\xampp\htdocs\dietabackweb\system\CodeIgniter.php(933): App\Controllers\WishListController->getWishList('9')
#6 C:\xampp\htdocs\dietabackweb\system\CodeIgniter.php(507): CodeIgniter\CodeIgniter->runController(Object(App\Controllers\WishListController))
#7 C:\xampp\htdocs\dietabackweb\system\CodeIgniter.php(354): CodeIgniter\CodeIgniter->handleRequest(NULL, Object(Config\Cache), false)
#8 C:\xampp\htdocs\dietabackweb\system\Boot.php(334): CodeIgniter\CodeIgniter->run()
#9 C:\xampp\htdocs\dietabackweb\system\Boot.php(67): CodeIgniter\Boot::runCodeIgniter(Object(CodeIgniter\CodeIgniter))
#10 C:\xampp\htdocs\dietabackweb\public\index.php(63): CodeIgniter\Boot::bootWeb(Object(Config\Paths))
#11 C:\xampp\htdocs\dietabackweb\system\rewrite.php(44): require_once('C:\\xampp\\htdocs...')
#12 {main}

Next CodeIgniter\Database\Exceptions\DatabaseException: No se puede establecer una conexión ya que el equipo de destino denegó expresamente dicha conexión in C:\xampp\htdocs\dietabackweb\system\Database\MySQLi\Connection.php:246
Stack trace:
#0 C:\xampp\htdocs\dietabackweb\system\Database\BaseConnection.php(421): CodeIgniter\Database\MySQLi\Connection->connect(false)
#1 C:\xampp\htdocs\dietabackweb\system\Database\BaseConnection.php(620): CodeIgniter\Database\BaseConnection->initialize()
#2 C:\xampp\htdocs\dietabackweb\system\Database\BaseBuilder.php(1649): CodeIgniter\Database\BaseConnection->query('SELECT `p`.`idP...', Array, false)
#3 C:\xampp\htdocs\dietabackweb\app\Controllers\WishListController.php(53): CodeIgniter\Database\BaseBuilder->get()
#4 C:\xampp\htdocs\dietabackweb\system\CodeIgniter.php(933): App\Controllers\WishListController->getWishList('9')
#5 C:\xampp\htdocs\dietabackweb\system\CodeIgniter.php(507): CodeIgniter\CodeIgniter->runController(Object(App\Controllers\WishListController))
#6 C:\xampp\htdocs\dietabackweb\system\CodeIgniter.php(354): CodeIgniter\CodeIgniter->handleRequest(NULL, Object(Config\Cache), false)
#7 C:\xampp\htdocs\dietabackweb\system\Boot.php(334): CodeIgniter\CodeIgniter->run()
#8 C:\xampp\htdocs\dietabackweb\system\Boot.php(67): CodeIgniter\Boot::runCodeIgniter(Object(CodeIgniter\CodeIgniter))
#9 C:\xampp\htdocs\dietabackweb\public\index.php(63): CodeIgniter\Boot::bootWeb(Object(Config\Paths))
#10 C:\xampp\htdocs\dietabackweb\system\rewrite.php(44): require_once('C:\\xampp\\htdocs...')
#11 {main}
CRITICAL - 2026-01-05 21:34:43 --> CodeIgniter\Database\Exceptions\DatabaseException: Unable to connect to the database.
Main connection [MySQLi]: No se puede establecer una conexión ya que el equipo de destino denegó expresamente dicha conexión
[Method: GET, Route: wishlist/get/9]
in SYSTEMPATH\Database\BaseConnection.php on line 467.
 1 SYSTEMPATH\Database\BaseConnection.php(620): CodeIgniter\Database\BaseConnection->initialize()
 2 SYSTEMPATH\Database\BaseBuilder.php(1649): CodeIgniter\Database\BaseConnection->query('SELECT `p`.`idProduct`, `p`.`description`, `u`.`name` AS `userName`, `u`.`lastName`, `u`.`email`, `p`.`name`, `p`.`price`, `c`.`idWishList`, MIN(i.url) AS image_url
FROM `wishlist` `c`
LEFT JOIN `products` `p` ON `c`.`idProduct` = `p`.`idProduct`
LEFT JOIN `users` `u` ON `c`.`idUser` = `u`.`idUser`
LEFT JOIN `images` `i` ON `c`.`idProduct` = `i`.`idProduct`
WHERE `c`.`idUser` = :c.idUser:
AND `p`.`status` = :p.status:
GROUP BY `p`.`idProduct`, `p`.`description`, `p`.`name`, `p`.`price`, `c`.`idWishList`, `u`.`lastName`, `u`.`email`', [...], false)
 3 APPPATH\Controllers\WishListController.php(53): CodeIgniter\Database\BaseBuilder->get()
 4 SYSTEMPATH\CodeIgniter.php(933): App\Controllers\WishListController->getWishList('9')
 5 SYSTEMPATH\CodeIgniter.php(507): CodeIgniter\CodeIgniter->runController(Object(App\Controllers\WishListController))
 6 SYSTEMPATH\CodeIgniter.php(354): CodeIgniter\CodeIgniter->handleRequest(null, Object(Config\Cache), false)
 7 SYSTEMPATH\Boot.php(334): CodeIgniter\CodeIgniter->run()
 8 SYSTEMPATH\Boot.php(67): CodeIgniter\Boot::runCodeIgniter(Object(CodeIgniter\CodeIgniter))
 9 FCPATH\index.php(63): CodeIgniter\Boot::bootWeb(Object(Config\Paths))
10 SYSTEMPATH\rewrite.php(44): require_once('C:\\xampp\\htdocs\\dietabackweb\\public\\index.php')
ERROR - 2026-01-05 21:34:47 --> Error connecting to the database: mysqli_sql_exception: No se puede establecer una conexión ya que el equipo de destino denegó expresamente dicha conexión in C:\xampp\htdocs\dietabackweb\system\Database\MySQLi\Connection.php:201
Stack trace:
#0 C:\xampp\htdocs\dietabackweb\system\Database\MySQLi\Connection.php(201): mysqli->real_connect('localhost', 'root', Object(SensitiveParameterValue), 'auction_bids', 3306, '', 0)
#1 C:\xampp\htdocs\dietabackweb\system\Database\BaseConnection.php(421): CodeIgniter\Database\MySQLi\Connection->connect(false)
#2 C:\xampp\htdocs\dietabackweb\system\Database\BaseConnection.php(620): CodeIgniter\Database\BaseConnection->initialize()
#3 C:\xampp\htdocs\dietabackweb\system\Database\BaseBuilder.php(1649): CodeIgniter\Database\BaseConnection->query('SELECT *\nFROM `...', Array, false)
#4 C:\xampp\htdocs\dietabackweb\system\Model.php(286): CodeIgniter\Database\BaseBuilder->get()
#5 C:\xampp\htdocs\dietabackweb\system\BaseModel.php(675): CodeIgniter\Model->doFindAll(0, 0)
#6 C:\xampp\htdocs\dietabackweb\app\Controllers\BannersController.php(20): CodeIgniter\BaseModel->findAll()
#7 C:\xampp\htdocs\dietabackweb\system\CodeIgniter.php(933): App\Controllers\BannersController->index()
#8 C:\xampp\htdocs\dietabackweb\system\CodeIgniter.php(507): CodeIgniter\CodeIgniter->runController(Object(App\Controllers\BannersController))
#9 C:\xampp\htdocs\dietabackweb\system\CodeIgniter.php(354): CodeIgniter\CodeIgniter->handleRequest(NULL, Object(Config\Cache), false)
#10 C:\xampp\htdocs\dietabackweb\system\Boot.php(334): CodeIgniter\CodeIgniter->run()
#11 C:\xampp\htdocs\dietabackweb\system\Boot.php(67): CodeIgniter\Boot::runCodeIgniter(Object(CodeIgniter\CodeIgniter))
#12 C:\xampp\htdocs\dietabackweb\public\index.php(63): CodeIgniter\Boot::bootWeb(Object(Config\Paths))
#13 C:\xampp\htdocs\dietabackweb\system\rewrite.php(44): require_once('C:\\xampp\\htdocs...')
#14 {main}

Next CodeIgniter\Database\Exceptions\DatabaseException: No se puede establecer una conexión ya que el equipo de destino denegó expresamente dicha conexión in C:\xampp\htdocs\dietabackweb\system\Database\MySQLi\Connection.php:246
Stack trace:
#0 C:\xampp\htdocs\dietabackweb\system\Database\BaseConnection.php(421): CodeIgniter\Database\MySQLi\Connection->connect(false)
#1 C:\xampp\htdocs\dietabackweb\system\Database\BaseConnection.php(620): CodeIgniter\Database\BaseConnection->initialize()
#2 C:\xampp\htdocs\dietabackweb\system\Database\BaseBuilder.php(1649): CodeIgniter\Database\BaseConnection->query('SELECT *\nFROM `...', Array, false)
#3 C:\xampp\htdocs\dietabackweb\system\Model.php(286): CodeIgniter\Database\BaseBuilder->get()
#4 C:\xampp\htdocs\dietabackweb\system\BaseModel.php(675): CodeIgniter\Model->doFindAll(0, 0)
#5 C:\xampp\htdocs\dietabackweb\app\Controllers\BannersController.php(20): CodeIgniter\BaseModel->findAll()
#6 C:\xampp\htdocs\dietabackweb\system\CodeIgniter.php(933): App\Controllers\BannersController->index()
#7 C:\xampp\htdocs\dietabackweb\system\CodeIgniter.php(507): CodeIgniter\CodeIgniter->runController(Object(App\Controllers\BannersController))
#8 C:\xampp\htdocs\dietabackweb\system\CodeIgniter.php(354): CodeIgniter\CodeIgniter->handleRequest(NULL, Object(Config\Cache), false)
#9 C:\xampp\htdocs\dietabackweb\system\Boot.php(334): CodeIgniter\CodeIgniter->run()
#10 C:\xampp\htdocs\dietabackweb\system\Boot.php(67): CodeIgniter\Boot::runCodeIgniter(Object(CodeIgniter\CodeIgniter))
#11 C:\xampp\htdocs\dietabackweb\public\index.php(63): CodeIgniter\Boot::bootWeb(Object(Config\Paths))
#12 C:\xampp\htdocs\dietabackweb\system\rewrite.php(44): require_once('C:\\xampp\\htdocs...')
#13 {main}
CRITICAL - 2026-01-05 21:34:47 --> CodeIgniter\Database\Exceptions\DatabaseException: Unable to connect to the database.
Main connection [MySQLi]: No se puede establecer una conexión ya que el equipo de destino denegó expresamente dicha conexión
[Method: GET, Route: banners]
in SYSTEMPATH\Database\BaseConnection.php on line 467.
 1 SYSTEMPATH\Database\BaseConnection.php(620): CodeIgniter\Database\BaseConnection->initialize()
 2 SYSTEMPATH\Database\BaseBuilder.php(1649): CodeIgniter\Database\BaseConnection->query('SELECT *
FROM `banners`', [], false)
 3 SYSTEMPATH\Model.php(286): CodeIgniter\Database\BaseBuilder->get()
 4 SYSTEMPATH\BaseModel.php(675): CodeIgniter\Model->doFindAll(0, 0)
 5 APPPATH\Controllers\BannersController.php(20): CodeIgniter\BaseModel->findAll()
 6 SYSTEMPATH\CodeIgniter.php(933): App\Controllers\BannersController->index()
 7 SYSTEMPATH\CodeIgniter.php(507): CodeIgniter\CodeIgniter->runController(Object(App\Controllers\BannersController))
 8 SYSTEMPATH\CodeIgniter.php(354): CodeIgniter\CodeIgniter->handleRequest(null, Object(Config\Cache), false)
 9 SYSTEMPATH\Boot.php(334): CodeIgniter\CodeIgniter->run()
10 SYSTEMPATH\Boot.php(67): CodeIgniter\Boot::runCodeIgniter(Object(CodeIgniter\CodeIgniter))
11 FCPATH\index.php(63): CodeIgniter\Boot::bootWeb(Object(Config\Paths))
12 SYSTEMPATH\rewrite.php(44): require_once('C:\\xampp\\htdocs\\dietabackweb\\public\\index.php')
ERROR - 2026-01-05 21:34:51 --> Error connecting to the database: mysqli_sql_exception: No se puede establecer una conexión ya que el equipo de destino denegó expresamente dicha conexión in C:\xampp\htdocs\dietabackweb\system\Database\MySQLi\Connection.php:201
Stack trace:
#0 C:\xampp\htdocs\dietabackweb\system\Database\MySQLi\Connection.php(201): mysqli->real_connect('localhost', 'root', Object(SensitiveParameterValue), 'auction_bids', 3306, '', 0)
#1 C:\xampp\htdocs\dietabackweb\system\Database\BaseConnection.php(421): CodeIgniter\Database\MySQLi\Connection->connect(false)
#2 C:\xampp\htdocs\dietabackweb\system\Database\BaseConnection.php(620): CodeIgniter\Database\BaseConnection->initialize()
#3 C:\xampp\htdocs\dietabackweb\system\Database\BaseBuilder.php(1649): CodeIgniter\Database\BaseConnection->query('SELECT `c`.`idC...', Array, false)
#4 C:\xampp\htdocs\dietabackweb\app\Controllers\CategoriesController.php(33): CodeIgniter\Database\BaseBuilder->get()
#5 C:\xampp\htdocs\dietabackweb\system\CodeIgniter.php(933): App\Controllers\CategoriesController->getCategories()
#6 C:\xampp\htdocs\dietabackweb\system\CodeIgniter.php(507): CodeIgniter\CodeIgniter->runController(Object(App\Controllers\CategoriesController))
#7 C:\xampp\htdocs\dietabackweb\system\CodeIgniter.php(354): CodeIgniter\CodeIgniter->handleRequest(NULL, Object(Config\Cache), false)
#8 C:\xampp\htdocs\dietabackweb\system\Boot.php(334): CodeIgniter\CodeIgniter->run()
#9 C:\xampp\htdocs\dietabackweb\system\Boot.php(67): CodeIgniter\Boot::runCodeIgniter(Object(CodeIgniter\CodeIgniter))
#10 C:\xampp\htdocs\dietabackweb\public\index.php(63): CodeIgniter\Boot::bootWeb(Object(Config\Paths))
#11 C:\xampp\htdocs\dietabackweb\system\rewrite.php(44): require_once('C:\\xampp\\htdocs...')
#12 {main}

Next CodeIgniter\Database\Exceptions\DatabaseException: No se puede establecer una conexión ya que el equipo de destino denegó expresamente dicha conexión in C:\xampp\htdocs\dietabackweb\system\Database\MySQLi\Connection.php:246
Stack trace:
#0 C:\xampp\htdocs\dietabackweb\system\Database\BaseConnection.php(421): CodeIgniter\Database\MySQLi\Connection->connect(false)
#1 C:\xampp\htdocs\dietabackweb\system\Database\BaseConnection.php(620): CodeIgniter\Database\BaseConnection->initialize()
#2 C:\xampp\htdocs\dietabackweb\system\Database\BaseBuilder.php(1649): CodeIgniter\Database\BaseConnection->query('SELECT `c`.`idC...', Array, false)
#3 C:\xampp\htdocs\dietabackweb\app\Controllers\CategoriesController.php(33): CodeIgniter\Database\BaseBuilder->get()
#4 C:\xampp\htdocs\dietabackweb\system\CodeIgniter.php(933): App\Controllers\CategoriesController->getCategories()
#5 C:\xampp\htdocs\dietabackweb\system\CodeIgniter.php(507): CodeIgniter\CodeIgniter->runController(Object(App\Controllers\CategoriesController))
#6 C:\xampp\htdocs\dietabackweb\system\CodeIgniter.php(354): CodeIgniter\CodeIgniter->handleRequest(NULL, Object(Config\Cache), false)
#7 C:\xampp\htdocs\dietabackweb\system\Boot.php(334): CodeIgniter\CodeIgniter->run()
#8 C:\xampp\htdocs\dietabackweb\system\Boot.php(67): CodeIgniter\Boot::runCodeIgniter(Object(CodeIgniter\CodeIgniter))
#9 C:\xampp\htdocs\dietabackweb\public\index.php(63): CodeIgniter\Boot::bootWeb(Object(Config\Paths))
#10 C:\xampp\htdocs\dietabackweb\system\rewrite.php(44): require_once('C:\\xampp\\htdocs...')
#11 {main}
CRITICAL - 2026-01-05 21:34:51 --> CodeIgniter\Database\Exceptions\DatabaseException: Unable to connect to the database.
Main connection [MySQLi]: No se puede establecer una conexión ya que el equipo de destino denegó expresamente dicha conexión
[Method: GET, Route: categories/active]
in SYSTEMPATH\Database\BaseConnection.php on line 467.
 1 SYSTEMPATH\Database\BaseConnection.php(620): CodeIgniter\Database\BaseConnection->initialize()
 2 SYSTEMPATH\Database\BaseBuilder.php(1649): CodeIgniter\Database\BaseConnection->query('SELECT `c`.`idCategory`, `c`.`name`, `c`.`image`, `c`.`url`, COUNT(p.idProduct) AS total_productos
FROM `categories` `c`
LEFT JOIN `products` `p` ON `c`.`idCategory` = `p`.`idCategory` and `p`.`status` = 1
GROUP BY `c`.`idCategory`, `c`.`name`, `c`.`image`, `c`.`url`', [], false)
 3 APPPATH\Controllers\CategoriesController.php(33): CodeIgniter\Database\BaseBuilder->get()
 4 SYSTEMPATH\CodeIgniter.php(933): App\Controllers\CategoriesController->getCategories()
 5 SYSTEMPATH\CodeIgniter.php(507): CodeIgniter\CodeIgniter->runController(Object(App\Controllers\CategoriesController))
 6 SYSTEMPATH\CodeIgniter.php(354): CodeIgniter\CodeIgniter->handleRequest(null, Object(Config\Cache), false)
 7 SYSTEMPATH\Boot.php(334): CodeIgniter\CodeIgniter->run()
 8 SYSTEMPATH\Boot.php(67): CodeIgniter\Boot::runCodeIgniter(Object(CodeIgniter\CodeIgniter))
 9 FCPATH\index.php(63): CodeIgniter\Boot::bootWeb(Object(Config\Paths))
10 SYSTEMPATH\rewrite.php(44): require_once('C:\\xampp\\htdocs\\dietabackweb\\public\\index.php')
ERROR - 2026-01-05 21:34:56 --> Error connecting to the database: mysqli_sql_exception: No se puede establecer una conexión ya que el equipo de destino denegó expresamente dicha conexión in C:\xampp\htdocs\dietabackweb\system\Database\MySQLi\Connection.php:201
Stack trace:
#0 C:\xampp\htdocs\dietabackweb\system\Database\MySQLi\Connection.php(201): mysqli->real_connect('localhost', 'root', Object(SensitiveParameterValue), 'auction_bids', 3306, '', 0)
#1 C:\xampp\htdocs\dietabackweb\system\Database\BaseConnection.php(421): CodeIgniter\Database\MySQLi\Connection->connect(false)
#2 C:\xampp\htdocs\dietabackweb\system\Database\BaseConnection.php(620): CodeIgniter\Database\BaseConnection->initialize()
#3 C:\xampp\htdocs\dietabackweb\system\Database\BaseBuilder.php(1649): CodeIgniter\Database\BaseConnection->query('SELECT `p`.`idP...', Array, false)
#4 C:\xampp\htdocs\dietabackweb\app\Controllers\ProductsController.php(73): CodeIgniter\Database\BaseBuilder->get()
#5 C:\xampp\htdocs\dietabackweb\system\CodeIgniter.php(933): App\Controllers\ProductsController->getProductsImage()
#6 C:\xampp\htdocs\dietabackweb\system\CodeIgniter.php(507): CodeIgniter\CodeIgniter->runController(Object(App\Controllers\ProductsController))
#7 C:\xampp\htdocs\dietabackweb\system\CodeIgniter.php(354): CodeIgniter\CodeIgniter->handleRequest(NULL, Object(Config\Cache), false)
#8 C:\xampp\htdocs\dietabackweb\system\Boot.php(334): CodeIgniter\CodeIgniter->run()
#9 C:\xampp\htdocs\dietabackweb\system\Boot.php(67): CodeIgniter\Boot::runCodeIgniter(Object(CodeIgniter\CodeIgniter))
#10 C:\xampp\htdocs\dietabackweb\public\index.php(63): CodeIgniter\Boot::bootWeb(Object(Config\Paths))
#11 C:\xampp\htdocs\dietabackweb\system\rewrite.php(44): require_once('C:\\xampp\\htdocs...')
#12 {main}

Next CodeIgniter\Database\Exceptions\DatabaseException: No se puede establecer una conexión ya que el equipo de destino denegó expresamente dicha conexión in C:\xampp\htdocs\dietabackweb\system\Database\MySQLi\Connection.php:246
Stack trace:
#0 C:\xampp\htdocs\dietabackweb\system\Database\BaseConnection.php(421): CodeIgniter\Database\MySQLi\Connection->connect(false)
#1 C:\xampp\htdocs\dietabackweb\system\Database\BaseConnection.php(620): CodeIgniter\Database\BaseConnection->initialize()
#2 C:\xampp\htdocs\dietabackweb\system\Database\BaseBuilder.php(1649): CodeIgniter\Database\BaseConnection->query('SELECT `p`.`idP...', Array, false)
#3 C:\xampp\htdocs\dietabackweb\app\Controllers\ProductsController.php(73): CodeIgniter\Database\BaseBuilder->get()
#4 C:\xampp\htdocs\dietabackweb\system\CodeIgniter.php(933): App\Controllers\ProductsController->getProductsImage()
#5 C:\xampp\htdocs\dietabackweb\system\CodeIgniter.php(507): CodeIgniter\CodeIgniter->runController(Object(App\Controllers\ProductsController))
#6 C:\xampp\htdocs\dietabackweb\system\CodeIgniter.php(354): CodeIgniter\CodeIgniter->handleRequest(NULL, Object(Config\Cache), false)
#7 C:\xampp\htdocs\dietabackweb\system\Boot.php(334): CodeIgniter\CodeIgniter->run()
#8 C:\xampp\htdocs\dietabackweb\system\Boot.php(67): CodeIgniter\Boot::runCodeIgniter(Object(CodeIgniter\CodeIgniter))
#9 C:\xampp\htdocs\dietabackweb\public\index.php(63): CodeIgniter\Boot::bootWeb(Object(Config\Paths))
#10 C:\xampp\htdocs\dietabackweb\system\rewrite.php(44): require_once('C:\\xampp\\htdocs...')
#11 {main}
CRITICAL - 2026-01-05 21:34:56 --> CodeIgniter\Database\Exceptions\DatabaseException: Unable to connect to the database.
Main connection [MySQLi]: No se puede establecer una conexión ya que el equipo de destino denegó expresamente dicha conexión
[Method: GET, Route: products/categories]
in SYSTEMPATH\Database\BaseConnection.php on line 467.
 1 SYSTEMPATH\Database\BaseConnection.php(620): CodeIgniter\Database\BaseConnection->initialize()
 2 SYSTEMPATH\Database\BaseBuilder.php(1649): CodeIgniter\Database\BaseConnection->query('SELECT `p`.`idProduct`, `p`.`name`, `p`.`price`, MIN(i.url) AS image_url, `p`.`description`
FROM `products` `p`
LEFT JOIN `images` `i` ON `p`.`idProduct` = `i`.`idProduct`
WHERE `p`.`status` = :p.status:
GROUP BY `p`.`idProduct`, `p`.`name`, `p`.`price`, `p`.`description`
ORDER BY `p`.`idProduct` DESC', [...], false)
 3 APPPATH\Controllers\ProductsController.php(73): CodeIgniter\Database\BaseBuilder->get()
 4 SYSTEMPATH\CodeIgniter.php(933): App\Controllers\ProductsController->getProductsImage()
 5 SYSTEMPATH\CodeIgniter.php(507): CodeIgniter\CodeIgniter->runController(Object(App\Controllers\ProductsController))
 6 SYSTEMPATH\CodeIgniter.php(354): CodeIgniter\CodeIgniter->handleRequest(null, Object(Config\Cache), false)
 7 SYSTEMPATH\Boot.php(334): CodeIgniter\CodeIgniter->run()
 8 SYSTEMPATH\Boot.php(67): CodeIgniter\Boot::runCodeIgniter(Object(CodeIgniter\CodeIgniter))
 9 FCPATH\index.php(63): CodeIgniter\Boot::bootWeb(Object(Config\Paths))
10 SYSTEMPATH\rewrite.php(44): require_once('C:\\xampp\\htdocs\\dietabackweb\\public\\index.php')
ERROR - 2026-01-05 21:35:00 --> Error connecting to the database: mysqli_sql_exception: No se puede establecer una conexión ya que el equipo de destino denegó expresamente dicha conexión in C:\xampp\htdocs\dietabackweb\system\Database\MySQLi\Connection.php:201
Stack trace:
#0 C:\xampp\htdocs\dietabackweb\system\Database\MySQLi\Connection.php(201): mysqli->real_connect('localhost', 'root', Object(SensitiveParameterValue), 'auction_bids', 3306, '', 0)
#1 C:\xampp\htdocs\dietabackweb\system\Database\BaseConnection.php(421): CodeIgniter\Database\MySQLi\Connection->connect(false)
#2 C:\xampp\htdocs\dietabackweb\system\Database\BaseConnection.php(620): CodeIgniter\Database\BaseConnection->initialize()
#3 C:\xampp\htdocs\dietabackweb\system\Database\BaseBuilder.php(1649): CodeIgniter\Database\BaseConnection->query('SELECT `p`.`idP...', Array, false)
#4 C:\xampp\htdocs\dietabackweb\app\Controllers\CartController.php(51): CodeIgniter\Database\BaseBuilder->get()
#5 C:\xampp\htdocs\dietabackweb\system\CodeIgniter.php(933): App\Controllers\CartController->getCart('9')
#6 C:\xampp\htdocs\dietabackweb\system\CodeIgniter.php(507): CodeIgniter\CodeIgniter->runController(Object(App\Controllers\CartController))
#7 C:\xampp\htdocs\dietabackweb\system\CodeIgniter.php(354): CodeIgniter\CodeIgniter->handleRequest(NULL, Object(Config\Cache), false)
#8 C:\xampp\htdocs\dietabackweb\system\Boot.php(334): CodeIgniter\CodeIgniter->run()
#9 C:\xampp\htdocs\dietabackweb\system\Boot.php(67): CodeIgniter\Boot::runCodeIgniter(Object(CodeIgniter\CodeIgniter))
#10 C:\xampp\htdocs\dietabackweb\public\index.php(63): CodeIgniter\Boot::bootWeb(Object(Config\Paths))
#11 C:\xampp\htdocs\dietabackweb\system\rewrite.php(44): require_once('C:\\xampp\\htdocs...')
#12 {main}

Next CodeIgniter\Database\Exceptions\DatabaseException: No se puede establecer una conexión ya que el equipo de destino denegó expresamente dicha conexión in C:\xampp\htdocs\dietabackweb\system\Database\MySQLi\Connection.php:246
Stack trace:
#0 C:\xampp\htdocs\dietabackweb\system\Database\BaseConnection.php(421): CodeIgniter\Database\MySQLi\Connection->connect(false)
#1 C:\xampp\htdocs\dietabackweb\system\Database\BaseConnection.php(620): CodeIgniter\Database\BaseConnection->initialize()
#2 C:\xampp\htdocs\dietabackweb\system\Database\BaseBuilder.php(1649): CodeIgniter\Database\BaseConnection->query('SELECT `p`.`idP...', Array, false)
#3 C:\xampp\htdocs\dietabackweb\app\Controllers\CartController.php(51): CodeIgniter\Database\BaseBuilder->get()
#4 C:\xampp\htdocs\dietabackweb\system\CodeIgniter.php(933): App\Controllers\CartController->getCart('9')
#5 C:\xampp\htdocs\dietabackweb\system\CodeIgniter.php(507): CodeIgniter\CodeIgniter->runController(Object(App\Controllers\CartController))
#6 C:\xampp\htdocs\dietabackweb\system\CodeIgniter.php(354): CodeIgniter\CodeIgniter->handleRequest(NULL, Object(Config\Cache), false)
#7 C:\xampp\htdocs\dietabackweb\system\Boot.php(334): CodeIgniter\CodeIgniter->run()
#8 C:\xampp\htdocs\dietabackweb\system\Boot.php(67): CodeIgniter\Boot::runCodeIgniter(Object(CodeIgniter\CodeIgniter))
#9 C:\xampp\htdocs\dietabackweb\public\index.php(63): CodeIgniter\Boot::bootWeb(Object(Config\Paths))
#10 C:\xampp\htdocs\dietabackweb\system\rewrite.php(44): require_once('C:\\xampp\\htdocs...')
#11 {main}
CRITICAL - 2026-01-05 21:35:00 --> CodeIgniter\Database\Exceptions\DatabaseException: Unable to connect to the database.
Main connection [MySQLi]: No se puede establecer una conexión ya que el equipo de destino denegó expresamente dicha conexión
[Method: GET, Route: cart/get/9]
in SYSTEMPATH\Database\BaseConnection.php on line 467.
 1 SYSTEMPATH\Database\BaseConnection.php(620): CodeIgniter\Database\BaseConnection->initialize()
 2 SYSTEMPATH\Database\BaseBuilder.php(1649): CodeIgniter\Database\BaseConnection->query('SELECT `p`.`idProduct`, `p`.`description`, `p`.`price`, `p`.`name`, `c`.`idCart`, MIN(i.url) AS image_url
FROM `cart` `c`
LEFT JOIN `products` `p` ON `c`.`idProduct` = `p`.`idProduct`
LEFT JOIN `users` `u` ON `c`.`idUser` = `u`.`idUser`
LEFT JOIN `images` `i` ON `c`.`idProduct` = `i`.`idProduct`
WHERE `c`.`idUser` = :c.idUser:
GROUP BY `p`.`idProduct`, `p`.`description`, `p`.`price`, `p`.`name`, `c`.`idCart`', [...], false)
 3 APPPATH\Controllers\CartController.php(51): CodeIgniter\Database\BaseBuilder->get()
 4 SYSTEMPATH\CodeIgniter.php(933): App\Controllers\CartController->getCart('9')
 5 SYSTEMPATH\CodeIgniter.php(507): CodeIgniter\CodeIgniter->runController(Object(App\Controllers\CartController))
 6 SYSTEMPATH\CodeIgniter.php(354): CodeIgniter\CodeIgniter->handleRequest(null, Object(Config\Cache), false)
 7 SYSTEMPATH\Boot.php(334): CodeIgniter\CodeIgniter->run()
 8 SYSTEMPATH\Boot.php(67): CodeIgniter\Boot::runCodeIgniter(Object(CodeIgniter\CodeIgniter))
 9 FCPATH\index.php(63): CodeIgniter\Boot::bootWeb(Object(Config\Paths))
10 SYSTEMPATH\rewrite.php(44): require_once('C:\\xampp\\htdocs\\dietabackweb\\public\\index.php')
ERROR - 2026-01-05 21:35:04 --> Error connecting to the database: mysqli_sql_exception: No se puede establecer una conexión ya que el equipo de destino denegó expresamente dicha conexión in C:\xampp\htdocs\dietabackweb\system\Database\MySQLi\Connection.php:201
Stack trace:
#0 C:\xampp\htdocs\dietabackweb\system\Database\MySQLi\Connection.php(201): mysqli->real_connect('localhost', 'root', Object(SensitiveParameterValue), 'auction_bids', 3306, '', 0)
#1 C:\xampp\htdocs\dietabackweb\system\Database\BaseConnection.php(421): CodeIgniter\Database\MySQLi\Connection->connect(false)
#2 C:\xampp\htdocs\dietabackweb\system\Database\BaseConnection.php(620): CodeIgniter\Database\BaseConnection->initialize()
#3 C:\xampp\htdocs\dietabackweb\system\Database\BaseBuilder.php(1649): CodeIgniter\Database\BaseConnection->query('SELECT `p`.`idP...', Array, false)
#4 C:\xampp\htdocs\dietabackweb\app\Controllers\WishListController.php(53): CodeIgniter\Database\BaseBuilder->get()
#5 C:\xampp\htdocs\dietabackweb\system\CodeIgniter.php(933): App\Controllers\WishListController->getWishList('9')
#6 C:\xampp\htdocs\dietabackweb\system\CodeIgniter.php(507): CodeIgniter\CodeIgniter->runController(Object(App\Controllers\WishListController))
#7 C:\xampp\htdocs\dietabackweb\system\CodeIgniter.php(354): CodeIgniter\CodeIgniter->handleRequest(NULL, Object(Config\Cache), false)
#8 C:\xampp\htdocs\dietabackweb\system\Boot.php(334): CodeIgniter\CodeIgniter->run()
#9 C:\xampp\htdocs\dietabackweb\system\Boot.php(67): CodeIgniter\Boot::runCodeIgniter(Object(CodeIgniter\CodeIgniter))
#10 C:\xampp\htdocs\dietabackweb\public\index.php(63): CodeIgniter\Boot::bootWeb(Object(Config\Paths))
#11 C:\xampp\htdocs\dietabackweb\system\rewrite.php(44): require_once('C:\\xampp\\htdocs...')
#12 {main}

Next CodeIgniter\Database\Exceptions\DatabaseException: No se puede establecer una conexión ya que el equipo de destino denegó expresamente dicha conexión in C:\xampp\htdocs\dietabackweb\system\Database\MySQLi\Connection.php:246
Stack trace:
#0 C:\xampp\htdocs\dietabackweb\system\Database\BaseConnection.php(421): CodeIgniter\Database\MySQLi\Connection->connect(false)
#1 C:\xampp\htdocs\dietabackweb\system\Database\BaseConnection.php(620): CodeIgniter\Database\BaseConnection->initialize()
#2 C:\xampp\htdocs\dietabackweb\system\Database\BaseBuilder.php(1649): CodeIgniter\Database\BaseConnection->query('SELECT `p`.`idP...', Array, false)
#3 C:\xampp\htdocs\dietabackweb\app\Controllers\WishListController.php(53): CodeIgniter\Database\BaseBuilder->get()
#4 C:\xampp\htdocs\dietabackweb\system\CodeIgniter.php(933): App\Controllers\WishListController->getWishList('9')
#5 C:\xampp\htdocs\dietabackweb\system\CodeIgniter.php(507): CodeIgniter\CodeIgniter->runController(Object(App\Controllers\WishListController))
#6 C:\xampp\htdocs\dietabackweb\system\CodeIgniter.php(354): CodeIgniter\CodeIgniter->handleRequest(NULL, Object(Config\Cache), false)
#7 C:\xampp\htdocs\dietabackweb\system\Boot.php(334): CodeIgniter\CodeIgniter->run()
#8 C:\xampp\htdocs\dietabackweb\system\Boot.php(67): CodeIgniter\Boot::runCodeIgniter(Object(CodeIgniter\CodeIgniter))
#9 C:\xampp\htdocs\dietabackweb\public\index.php(63): CodeIgniter\Boot::bootWeb(Object(Config\Paths))
#10 C:\xampp\htdocs\dietabackweb\system\rewrite.php(44): require_once('C:\\xampp\\htdocs...')
#11 {main}
CRITICAL - 2026-01-05 21:35:04 --> CodeIgniter\Database\Exceptions\DatabaseException: Unable to connect to the database.
Main connection [MySQLi]: No se puede establecer una conexión ya que el equipo de destino denegó expresamente dicha conexión
[Method: GET, Route: wishlist/get/9]
in SYSTEMPATH\Database\BaseConnection.php on line 467.
 1 SYSTEMPATH\Database\BaseConnection.php(620): CodeIgniter\Database\BaseConnection->initialize()
 2 SYSTEMPATH\Database\BaseBuilder.php(1649): CodeIgniter\Database\BaseConnection->query('SELECT `p`.`idProduct`, `p`.`description`, `u`.`name` AS `userName`, `u`.`lastName`, `u`.`email`, `p`.`name`, `p`.`price`, `c`.`idWishList`, MIN(i.url) AS image_url
FROM `wishlist` `c`
LEFT JOIN `products` `p` ON `c`.`idProduct` = `p`.`idProduct`
LEFT JOIN `users` `u` ON `c`.`idUser` = `u`.`idUser`
LEFT JOIN `images` `i` ON `c`.`idProduct` = `i`.`idProduct`
WHERE `c`.`idUser` = :c.idUser:
AND `p`.`status` = :p.status:
GROUP BY `p`.`idProduct`, `p`.`description`, `p`.`name`, `p`.`price`, `c`.`idWishList`, `u`.`lastName`, `u`.`email`', [...], false)
 3 APPPATH\Controllers\WishListController.php(53): CodeIgniter\Database\BaseBuilder->get()
 4 SYSTEMPATH\CodeIgniter.php(933): App\Controllers\WishListController->getWishList('9')
 5 SYSTEMPATH\CodeIgniter.php(507): CodeIgniter\CodeIgniter->runController(Object(App\Controllers\WishListController))
 6 SYSTEMPATH\CodeIgniter.php(354): CodeIgniter\CodeIgniter->handleRequest(null, Object(Config\Cache), false)
 7 SYSTEMPATH\Boot.php(334): CodeIgniter\CodeIgniter->run()
 8 SYSTEMPATH\Boot.php(67): CodeIgniter\Boot::runCodeIgniter(Object(CodeIgniter\CodeIgniter))
 9 FCPATH\index.php(63): CodeIgniter\Boot::bootWeb(Object(Config\Paths))
10 SYSTEMPATH\rewrite.php(44): require_once('C:\\xampp\\htdocs\\dietabackweb\\public\\index.php')
ERROR - 2026-01-05 21:35:08 --> Error connecting to the database: mysqli_sql_exception: No se puede establecer una conexión ya que el equipo de destino denegó expresamente dicha conexión in C:\xampp\htdocs\dietabackweb\system\Database\MySQLi\Connection.php:201
Stack trace:
#0 C:\xampp\htdocs\dietabackweb\system\Database\MySQLi\Connection.php(201): mysqli->real_connect('localhost', 'root', Object(SensitiveParameterValue), 'auction_bids', 3306, '', 0)
#1 C:\xampp\htdocs\dietabackweb\system\Database\BaseConnection.php(421): CodeIgniter\Database\MySQLi\Connection->connect(false)
#2 C:\xampp\htdocs\dietabackweb\system\Database\BaseConnection.php(620): CodeIgniter\Database\BaseConnection->initialize()
#3 C:\xampp\htdocs\dietabackweb\system\Database\BaseBuilder.php(1649): CodeIgniter\Database\BaseConnection->query('SELECT *\nFROM `...', Array, false)
#4 C:\xampp\htdocs\dietabackweb\system\Model.php(286): CodeIgniter\Database\BaseBuilder->get()
#5 C:\xampp\htdocs\dietabackweb\system\BaseModel.php(675): CodeIgniter\Model->doFindAll(0, 0)
#6 C:\xampp\htdocs\dietabackweb\app\Controllers\BannersController.php(20): CodeIgniter\BaseModel->findAll()
#7 C:\xampp\htdocs\dietabackweb\system\CodeIgniter.php(933): App\Controllers\BannersController->index()
#8 C:\xampp\htdocs\dietabackweb\system\CodeIgniter.php(507): CodeIgniter\CodeIgniter->runController(Object(App\Controllers\BannersController))
#9 C:\xampp\htdocs\dietabackweb\system\CodeIgniter.php(354): CodeIgniter\CodeIgniter->handleRequest(NULL, Object(Config\Cache), false)
#10 C:\xampp\htdocs\dietabackweb\system\Boot.php(334): CodeIgniter\CodeIgniter->run()
#11 C:\xampp\htdocs\dietabackweb\system\Boot.php(67): CodeIgniter\Boot::runCodeIgniter(Object(CodeIgniter\CodeIgniter))
#12 C:\xampp\htdocs\dietabackweb\public\index.php(63): CodeIgniter\Boot::bootWeb(Object(Config\Paths))
#13 C:\xampp\htdocs\dietabackweb\system\rewrite.php(44): require_once('C:\\xampp\\htdocs...')
#14 {main}

Next CodeIgniter\Database\Exceptions\DatabaseException: No se puede establecer una conexión ya que el equipo de destino denegó expresamente dicha conexión in C:\xampp\htdocs\dietabackweb\system\Database\MySQLi\Connection.php:246
Stack trace:
#0 C:\xampp\htdocs\dietabackweb\system\Database\BaseConnection.php(421): CodeIgniter\Database\MySQLi\Connection->connect(false)
#1 C:\xampp\htdocs\dietabackweb\system\Database\BaseConnection.php(620): CodeIgniter\Database\BaseConnection->initialize()
#2 C:\xampp\htdocs\dietabackweb\system\Database\BaseBuilder.php(1649): CodeIgniter\Database\BaseConnection->query('SELECT *\nFROM `...', Array, false)
#3 C:\xampp\htdocs\dietabackweb\system\Model.php(286): CodeIgniter\Database\BaseBuilder->get()
#4 C:\xampp\htdocs\dietabackweb\system\BaseModel.php(675): CodeIgniter\Model->doFindAll(0, 0)
#5 C:\xampp\htdocs\dietabackweb\app\Controllers\BannersController.php(20): CodeIgniter\BaseModel->findAll()
#6 C:\xampp\htdocs\dietabackweb\system\CodeIgniter.php(933): App\Controllers\BannersController->index()
#7 C:\xampp\htdocs\dietabackweb\system\CodeIgniter.php(507): CodeIgniter\CodeIgniter->runController(Object(App\Controllers\BannersController))
#8 C:\xampp\htdocs\dietabackweb\system\CodeIgniter.php(354): CodeIgniter\CodeIgniter->handleRequest(NULL, Object(Config\Cache), false)
#9 C:\xampp\htdocs\dietabackweb\system\Boot.php(334): CodeIgniter\CodeIgniter->run()
#10 C:\xampp\htdocs\dietabackweb\system\Boot.php(67): CodeIgniter\Boot::runCodeIgniter(Object(CodeIgniter\CodeIgniter))
#11 C:\xampp\htdocs\dietabackweb\public\index.php(63): CodeIgniter\Boot::bootWeb(Object(Config\Paths))
#12 C:\xampp\htdocs\dietabackweb\system\rewrite.php(44): require_once('C:\\xampp\\htdocs...')
#13 {main}
CRITICAL - 2026-01-05 21:35:08 --> CodeIgniter\Database\Exceptions\DatabaseException: Unable to connect to the database.
Main connection [MySQLi]: No se puede establecer una conexión ya que el equipo de destino denegó expresamente dicha conexión
[Method: GET, Route: banners]
in SYSTEMPATH\Database\BaseConnection.php on line 467.
 1 SYSTEMPATH\Database\BaseConnection.php(620): CodeIgniter\Database\BaseConnection->initialize()
 2 SYSTEMPATH\Database\BaseBuilder.php(1649): CodeIgniter\Database\BaseConnection->query('SELECT *
FROM `banners`', [], false)
 3 SYSTEMPATH\Model.php(286): CodeIgniter\Database\BaseBuilder->get()
 4 SYSTEMPATH\BaseModel.php(675): CodeIgniter\Model->doFindAll(0, 0)
 5 APPPATH\Controllers\BannersController.php(20): CodeIgniter\BaseModel->findAll()
 6 SYSTEMPATH\CodeIgniter.php(933): App\Controllers\BannersController->index()
 7 SYSTEMPATH\CodeIgniter.php(507): CodeIgniter\CodeIgniter->runController(Object(App\Controllers\BannersController))
 8 SYSTEMPATH\CodeIgniter.php(354): CodeIgniter\CodeIgniter->handleRequest(null, Object(Config\Cache), false)
 9 SYSTEMPATH\Boot.php(334): CodeIgniter\CodeIgniter->run()
10 SYSTEMPATH\Boot.php(67): CodeIgniter\Boot::runCodeIgniter(Object(CodeIgniter\CodeIgniter))
11 FCPATH\index.php(63): CodeIgniter\Boot::bootWeb(Object(Config\Paths))
12 SYSTEMPATH\rewrite.php(44): require_once('C:\\xampp\\htdocs\\dietabackweb\\public\\index.php')
ERROR - 2026-01-05 21:35:13 --> Error connecting to the database: mysqli_sql_exception: No se puede establecer una conexión ya que el equipo de destino denegó expresamente dicha conexión in C:\xampp\htdocs\dietabackweb\system\Database\MySQLi\Connection.php:201
Stack trace:
#0 C:\xampp\htdocs\dietabackweb\system\Database\MySQLi\Connection.php(201): mysqli->real_connect('localhost', 'root', Object(SensitiveParameterValue), 'auction_bids', 3306, '', 0)
#1 C:\xampp\htdocs\dietabackweb\system\Database\BaseConnection.php(421): CodeIgniter\Database\MySQLi\Connection->connect(false)
#2 C:\xampp\htdocs\dietabackweb\system\Database\BaseConnection.php(620): CodeIgniter\Database\BaseConnection->initialize()
#3 C:\xampp\htdocs\dietabackweb\system\Database\BaseBuilder.php(1649): CodeIgniter\Database\BaseConnection->query('SELECT `c`.`idC...', Array, false)
#4 C:\xampp\htdocs\dietabackweb\app\Controllers\CategoriesController.php(33): CodeIgniter\Database\BaseBuilder->get()
#5 C:\xampp\htdocs\dietabackweb\system\CodeIgniter.php(933): App\Controllers\CategoriesController->getCategories()
#6 C:\xampp\htdocs\dietabackweb\system\CodeIgniter.php(507): CodeIgniter\CodeIgniter->runController(Object(App\Controllers\CategoriesController))
#7 C:\xampp\htdocs\dietabackweb\system\CodeIgniter.php(354): CodeIgniter\CodeIgniter->handleRequest(NULL, Object(Config\Cache), false)
#8 C:\xampp\htdocs\dietabackweb\system\Boot.php(334): CodeIgniter\CodeIgniter->run()
#9 C:\xampp\htdocs\dietabackweb\system\Boot.php(67): CodeIgniter\Boot::runCodeIgniter(Object(CodeIgniter\CodeIgniter))
#10 C:\xampp\htdocs\dietabackweb\public\index.php(63): CodeIgniter\Boot::bootWeb(Object(Config\Paths))
#11 C:\xampp\htdocs\dietabackweb\system\rewrite.php(44): require_once('C:\\xampp\\htdocs...')
#12 {main}

Next CodeIgniter\Database\Exceptions\DatabaseException: No se puede establecer una conexión ya que el equipo de destino denegó expresamente dicha conexión in C:\xampp\htdocs\dietabackweb\system\Database\MySQLi\Connection.php:246
Stack trace:
#0 C:\xampp\htdocs\dietabackweb\system\Database\BaseConnection.php(421): CodeIgniter\Database\MySQLi\Connection->connect(false)
#1 C:\xampp\htdocs\dietabackweb\system\Database\BaseConnection.php(620): CodeIgniter\Database\BaseConnection->initialize()
#2 C:\xampp\htdocs\dietabackweb\system\Database\BaseBuilder.php(1649): CodeIgniter\Database\BaseConnection->query('SELECT `c`.`idC...', Array, false)
#3 C:\xampp\htdocs\dietabackweb\app\Controllers\CategoriesController.php(33): CodeIgniter\Database\BaseBuilder->get()
#4 C:\xampp\htdocs\dietabackweb\system\CodeIgniter.php(933): App\Controllers\CategoriesController->getCategories()
#5 C:\xampp\htdocs\dietabackweb\system\CodeIgniter.php(507): CodeIgniter\CodeIgniter->runController(Object(App\Controllers\CategoriesController))
#6 C:\xampp\htdocs\dietabackweb\system\CodeIgniter.php(354): CodeIgniter\CodeIgniter->handleRequest(NULL, Object(Config\Cache), false)
#7 C:\xampp\htdocs\dietabackweb\system\Boot.php(334): CodeIgniter\CodeIgniter->run()
#8 C:\xampp\htdocs\dietabackweb\system\Boot.php(67): CodeIgniter\Boot::runCodeIgniter(Object(CodeIgniter\CodeIgniter))
#9 C:\xampp\htdocs\dietabackweb\public\index.php(63): CodeIgniter\Boot::bootWeb(Object(Config\Paths))
#10 C:\xampp\htdocs\dietabackweb\system\rewrite.php(44): require_once('C:\\xampp\\htdocs...')
#11 {main}
CRITICAL - 2026-01-05 21:35:13 --> CodeIgniter\Database\Exceptions\DatabaseException: Unable to connect to the database.
Main connection [MySQLi]: No se puede establecer una conexión ya que el equipo de destino denegó expresamente dicha conexión
[Method: GET, Route: categories/active]
in SYSTEMPATH\Database\BaseConnection.php on line 467.
 1 SYSTEMPATH\Database\BaseConnection.php(620): CodeIgniter\Database\BaseConnection->initialize()
 2 SYSTEMPATH\Database\BaseBuilder.php(1649): CodeIgniter\Database\BaseConnection->query('SELECT `c`.`idCategory`, `c`.`name`, `c`.`image`, `c`.`url`, COUNT(p.idProduct) AS total_productos
FROM `categories` `c`
LEFT JOIN `products` `p` ON `c`.`idCategory` = `p`.`idCategory` and `p`.`status` = 1
GROUP BY `c`.`idCategory`, `c`.`name`, `c`.`image`, `c`.`url`', [], false)
 3 APPPATH\Controllers\CategoriesController.php(33): CodeIgniter\Database\BaseBuilder->get()
 4 SYSTEMPATH\CodeIgniter.php(933): App\Controllers\CategoriesController->getCategories()
 5 SYSTEMPATH\CodeIgniter.php(507): CodeIgniter\CodeIgniter->runController(Object(App\Controllers\CategoriesController))
 6 SYSTEMPATH\CodeIgniter.php(354): CodeIgniter\CodeIgniter->handleRequest(null, Object(Config\Cache), false)
 7 SYSTEMPATH\Boot.php(334): CodeIgniter\CodeIgniter->run()
 8 SYSTEMPATH\Boot.php(67): CodeIgniter\Boot::runCodeIgniter(Object(CodeIgniter\CodeIgniter))
 9 FCPATH\index.php(63): CodeIgniter\Boot::bootWeb(Object(Config\Paths))
10 SYSTEMPATH\rewrite.php(44): require_once('C:\\xampp\\htdocs\\dietabackweb\\public\\index.php')
ERROR - 2026-01-05 21:35:17 --> Error connecting to the database: mysqli_sql_exception: No se puede establecer una conexión ya que el equipo de destino denegó expresamente dicha conexión in C:\xampp\htdocs\dietabackweb\system\Database\MySQLi\Connection.php:201
Stack trace:
#0 C:\xampp\htdocs\dietabackweb\system\Database\MySQLi\Connection.php(201): mysqli->real_connect('localhost', 'root', Object(SensitiveParameterValue), 'auction_bids', 3306, '', 0)
#1 C:\xampp\htdocs\dietabackweb\system\Database\BaseConnection.php(421): CodeIgniter\Database\MySQLi\Connection->connect(false)
#2 C:\xampp\htdocs\dietabackweb\system\Database\BaseConnection.php(620): CodeIgniter\Database\BaseConnection->initialize()
#3 C:\xampp\htdocs\dietabackweb\system\Database\BaseBuilder.php(1649): CodeIgniter\Database\BaseConnection->query('SELECT `p`.`idP...', Array, false)
#4 C:\xampp\htdocs\dietabackweb\app\Controllers\ProductsController.php(73): CodeIgniter\Database\BaseBuilder->get()
#5 C:\xampp\htdocs\dietabackweb\system\CodeIgniter.php(933): App\Controllers\ProductsController->getProductsImage()
#6 C:\xampp\htdocs\dietabackweb\system\CodeIgniter.php(507): CodeIgniter\CodeIgniter->runController(Object(App\Controllers\ProductsController))
#7 C:\xampp\htdocs\dietabackweb\system\CodeIgniter.php(354): CodeIgniter\CodeIgniter->handleRequest(NULL, Object(Config\Cache), false)
#8 C:\xampp\htdocs\dietabackweb\system\Boot.php(334): CodeIgniter\CodeIgniter->run()
#9 C:\xampp\htdocs\dietabackweb\system\Boot.php(67): CodeIgniter\Boot::runCodeIgniter(Object(CodeIgniter\CodeIgniter))
#10 C:\xampp\htdocs\dietabackweb\public\index.php(63): CodeIgniter\Boot::bootWeb(Object(Config\Paths))
#11 C:\xampp\htdocs\dietabackweb\system\rewrite.php(44): require_once('C:\\xampp\\htdocs...')
#12 {main}

Next CodeIgniter\Database\Exceptions\DatabaseException: No se puede establecer una conexión ya que el equipo de destino denegó expresamente dicha conexión in C:\xampp\htdocs\dietabackweb\system\Database\MySQLi\Connection.php:246
Stack trace:
#0 C:\xampp\htdocs\dietabackweb\system\Database\BaseConnection.php(421): CodeIgniter\Database\MySQLi\Connection->connect(false)
#1 C:\xampp\htdocs\dietabackweb\system\Database\BaseConnection.php(620): CodeIgniter\Database\BaseConnection->initialize()
#2 C:\xampp\htdocs\dietabackweb\system\Database\BaseBuilder.php(1649): CodeIgniter\Database\BaseConnection->query('SELECT `p`.`idP...', Array, false)
#3 C:\xampp\htdocs\dietabackweb\app\Controllers\ProductsController.php(73): CodeIgniter\Database\BaseBuilder->get()
#4 C:\xampp\htdocs\dietabackweb\system\CodeIgniter.php(933): App\Controllers\ProductsController->getProductsImage()
#5 C:\xampp\htdocs\dietabackweb\system\CodeIgniter.php(507): CodeIgniter\CodeIgniter->runController(Object(App\Controllers\ProductsController))
#6 C:\xampp\htdocs\dietabackweb\system\CodeIgniter.php(354): CodeIgniter\CodeIgniter->handleRequest(NULL, Object(Config\Cache), false)
#7 C:\xampp\htdocs\dietabackweb\system\Boot.php(334): CodeIgniter\CodeIgniter->run()
#8 C:\xampp\htdocs\dietabackweb\system\Boot.php(67): CodeIgniter\Boot::runCodeIgniter(Object(CodeIgniter\CodeIgniter))
#9 C:\xampp\htdocs\dietabackweb\public\index.php(63): CodeIgniter\Boot::bootWeb(Object(Config\Paths))
#10 C:\xampp\htdocs\dietabackweb\system\rewrite.php(44): require_once('C:\\xampp\\htdocs...')
#11 {main}
CRITICAL - 2026-01-05 21:35:17 --> CodeIgniter\Database\Exceptions\DatabaseException: Unable to connect to the database.
Main connection [MySQLi]: No se puede establecer una conexión ya que el equipo de destino denegó expresamente dicha conexión
[Method: GET, Route: products/categories]
in SYSTEMPATH\Database\BaseConnection.php on line 467.
 1 SYSTEMPATH\Database\BaseConnection.php(620): CodeIgniter\Database\BaseConnection->initialize()
 2 SYSTEMPATH\Database\BaseBuilder.php(1649): CodeIgniter\Database\BaseConnection->query('SELECT `p`.`idProduct`, `p`.`name`, `p`.`price`, MIN(i.url) AS image_url, `p`.`description`
FROM `products` `p`
LEFT JOIN `images` `i` ON `p`.`idProduct` = `i`.`idProduct`
WHERE `p`.`status` = :p.status:
GROUP BY `p`.`idProduct`, `p`.`name`, `p`.`price`, `p`.`description`
ORDER BY `p`.`idProduct` DESC', [...], false)
 3 APPPATH\Controllers\ProductsController.php(73): CodeIgniter\Database\BaseBuilder->get()
 4 SYSTEMPATH\CodeIgniter.php(933): App\Controllers\ProductsController->getProductsImage()
 5 SYSTEMPATH\CodeIgniter.php(507): CodeIgniter\CodeIgniter->runController(Object(App\Controllers\ProductsController))
 6 SYSTEMPATH\CodeIgniter.php(354): CodeIgniter\CodeIgniter->handleRequest(null, Object(Config\Cache), false)
 7 SYSTEMPATH\Boot.php(334): CodeIgniter\CodeIgniter->run()
 8 SYSTEMPATH\Boot.php(67): CodeIgniter\Boot::runCodeIgniter(Object(CodeIgniter\CodeIgniter))
 9 FCPATH\index.php(63): CodeIgniter\Boot::bootWeb(Object(Config\Paths))
10 SYSTEMPATH\rewrite.php(44): require_once('C:\\xampp\\htdocs\\dietabackweb\\public\\index.php')
ERROR - 2026-01-05 21:35:57 --> Error connecting to the database: mysqli_sql_exception: Host 'localhost' is not allowed to connect to this MariaDB server in C:\xampp\htdocs\dietabackweb\system\Database\MySQLi\Connection.php:201
Stack trace:
#0 C:\xampp\htdocs\dietabackweb\system\Database\MySQLi\Connection.php(201): mysqli->real_connect('localhost', 'root', Object(SensitiveParameterValue), 'auction_bids', 3306, '', 0)
#1 C:\xampp\htdocs\dietabackweb\system\Database\BaseConnection.php(421): CodeIgniter\Database\MySQLi\Connection->connect(false)
#2 C:\xampp\htdocs\dietabackweb\system\Database\BaseConnection.php(620): CodeIgniter\Database\BaseConnection->initialize()
#3 C:\xampp\htdocs\dietabackweb\system\Database\BaseBuilder.php(1649): CodeIgniter\Database\BaseConnection->query('SELECT `p`.`idP...', Array, false)
#4 C:\xampp\htdocs\dietabackweb\app\Controllers\CartController.php(51): CodeIgniter\Database\BaseBuilder->get()
#5 C:\xampp\htdocs\dietabackweb\system\CodeIgniter.php(933): App\Controllers\CartController->getCart('9')
#6 C:\xampp\htdocs\dietabackweb\system\CodeIgniter.php(507): CodeIgniter\CodeIgniter->runController(Object(App\Controllers\CartController))
#7 C:\xampp\htdocs\dietabackweb\system\CodeIgniter.php(354): CodeIgniter\CodeIgniter->handleRequest(NULL, Object(Config\Cache), false)
#8 C:\xampp\htdocs\dietabackweb\system\Boot.php(334): CodeIgniter\CodeIgniter->run()
#9 C:\xampp\htdocs\dietabackweb\system\Boot.php(67): CodeIgniter\Boot::runCodeIgniter(Object(CodeIgniter\CodeIgniter))
#10 C:\xampp\htdocs\dietabackweb\public\index.php(63): CodeIgniter\Boot::bootWeb(Object(Config\Paths))
#11 C:\xampp\htdocs\dietabackweb\system\rewrite.php(44): require_once('C:\\xampp\\htdocs...')
#12 {main}

Next CodeIgniter\Database\Exceptions\DatabaseException: Host 'localhost' is not allowed to connect to this MariaDB server in C:\xampp\htdocs\dietabackweb\system\Database\MySQLi\Connection.php:246
Stack trace:
#0 C:\xampp\htdocs\dietabackweb\system\Database\BaseConnection.php(421): CodeIgniter\Database\MySQLi\Connection->connect(false)
#1 C:\xampp\htdocs\dietabackweb\system\Database\BaseConnection.php(620): CodeIgniter\Database\BaseConnection->initialize()
#2 C:\xampp\htdocs\dietabackweb\system\Database\BaseBuilder.php(1649): CodeIgniter\Database\BaseConnection->query('SELECT `p`.`idP...', Array, false)
#3 C:\xampp\htdocs\dietabackweb\app\Controllers\CartController.php(51): CodeIgniter\Database\BaseBuilder->get()
#4 C:\xampp\htdocs\dietabackweb\system\CodeIgniter.php(933): App\Controllers\CartController->getCart('9')
#5 C:\xampp\htdocs\dietabackweb\system\CodeIgniter.php(507): CodeIgniter\CodeIgniter->runController(Object(App\Controllers\CartController))
#6 C:\xampp\htdocs\dietabackweb\system\CodeIgniter.php(354): CodeIgniter\CodeIgniter->handleRequest(NULL, Object(Config\Cache), false)
#7 C:\xampp\htdocs\dietabackweb\system\Boot.php(334): CodeIgniter\CodeIgniter->run()
#8 C:\xampp\htdocs\dietabackweb\system\Boot.php(67): CodeIgniter\Boot::runCodeIgniter(Object(CodeIgniter\CodeIgniter))
#9 C:\xampp\htdocs\dietabackweb\public\index.php(63): CodeIgniter\Boot::bootWeb(Object(Config\Paths))
#10 C:\xampp\htdocs\dietabackweb\system\rewrite.php(44): require_once('C:\\xampp\\htdocs...')
#11 {main}
CRITICAL - 2026-01-05 21:35:57 --> CodeIgniter\Database\Exceptions\DatabaseException: Unable to connect to the database.
Main connection [MySQLi]: Host 'localhost' is not allowed to connect to this MariaDB server
[Method: GET, Route: cart/get/9]
in SYSTEMPATH\Database\BaseConnection.php on line 467.
 1 SYSTEMPATH\Database\BaseConnection.php(620): CodeIgniter\Database\BaseConnection->initialize()
 2 SYSTEMPATH\Database\BaseBuilder.php(1649): CodeIgniter\Database\BaseConnection->query('SELECT `p`.`idProduct`, `p`.`description`, `p`.`price`, `p`.`name`, `c`.`idCart`, MIN(i.url) AS image_url
FROM `cart` `c`
LEFT JOIN `products` `p` ON `c`.`idProduct` = `p`.`idProduct`
LEFT JOIN `users` `u` ON `c`.`idUser` = `u`.`idUser`
LEFT JOIN `images` `i` ON `c`.`idProduct` = `i`.`idProduct`
WHERE `c`.`idUser` = :c.idUser:
GROUP BY `p`.`idProduct`, `p`.`description`, `p`.`price`, `p`.`name`, `c`.`idCart`', [...], false)
 3 APPPATH\Controllers\CartController.php(51): CodeIgniter\Database\BaseBuilder->get()
 4 SYSTEMPATH\CodeIgniter.php(933): App\Controllers\CartController->getCart('9')
 5 SYSTEMPATH\CodeIgniter.php(507): CodeIgniter\CodeIgniter->runController(Object(App\Controllers\CartController))
 6 SYSTEMPATH\CodeIgniter.php(354): CodeIgniter\CodeIgniter->handleRequest(null, Object(Config\Cache), false)
 7 SYSTEMPATH\Boot.php(334): CodeIgniter\CodeIgniter->run()
 8 SYSTEMPATH\Boot.php(67): CodeIgniter\Boot::runCodeIgniter(Object(CodeIgniter\CodeIgniter))
 9 FCPATH\index.php(63): CodeIgniter\Boot::bootWeb(Object(Config\Paths))
10 SYSTEMPATH\rewrite.php(44): require_once('C:\\xampp\\htdocs\\dietabackweb\\public\\index.php')
ERROR - 2026-01-05 21:35:58 --> Error connecting to the database: mysqli_sql_exception: Host 'localhost' is not allowed to connect to this MariaDB server in C:\xampp\htdocs\dietabackweb\system\Database\MySQLi\Connection.php:201
Stack trace:
#0 C:\xampp\htdocs\dietabackweb\system\Database\MySQLi\Connection.php(201): mysqli->real_connect('localhost', 'root', Object(SensitiveParameterValue), 'auction_bids', 3306, '', 0)
#1 C:\xampp\htdocs\dietabackweb\system\Database\BaseConnection.php(421): CodeIgniter\Database\MySQLi\Connection->connect(false)
#2 C:\xampp\htdocs\dietabackweb\system\Database\BaseConnection.php(620): CodeIgniter\Database\BaseConnection->initialize()
#3 C:\xampp\htdocs\dietabackweb\system\Database\BaseBuilder.php(1649): CodeIgniter\Database\BaseConnection->query('SELECT `p`.`idP...', Array, false)
#4 C:\xampp\htdocs\dietabackweb\app\Controllers\WishListController.php(53): CodeIgniter\Database\BaseBuilder->get()
#5 C:\xampp\htdocs\dietabackweb\system\CodeIgniter.php(933): App\Controllers\WishListController->getWishList('9')
#6 C:\xampp\htdocs\dietabackweb\system\CodeIgniter.php(507): CodeIgniter\CodeIgniter->runController(Object(App\Controllers\WishListController))
#7 C:\xampp\htdocs\dietabackweb\system\CodeIgniter.php(354): CodeIgniter\CodeIgniter->handleRequest(NULL, Object(Config\Cache), false)
#8 C:\xampp\htdocs\dietabackweb\system\Boot.php(334): CodeIgniter\CodeIgniter->run()
#9 C:\xampp\htdocs\dietabackweb\system\Boot.php(67): CodeIgniter\Boot::runCodeIgniter(Object(CodeIgniter\CodeIgniter))
#10 C:\xampp\htdocs\dietabackweb\public\index.php(63): CodeIgniter\Boot::bootWeb(Object(Config\Paths))
#11 C:\xampp\htdocs\dietabackweb\system\rewrite.php(44): require_once('C:\\xampp\\htdocs...')
#12 {main}

Next CodeIgniter\Database\Exceptions\DatabaseException: Host 'localhost' is not allowed to connect to this MariaDB server in C:\xampp\htdocs\dietabackweb\system\Database\MySQLi\Connection.php:246
Stack trace:
#0 C:\xampp\htdocs\dietabackweb\system\Database\BaseConnection.php(421): CodeIgniter\Database\MySQLi\Connection->connect(false)
#1 C:\xampp\htdocs\dietabackweb\system\Database\BaseConnection.php(620): CodeIgniter\Database\BaseConnection->initialize()
#2 C:\xampp\htdocs\dietabackweb\system\Database\BaseBuilder.php(1649): CodeIgniter\Database\BaseConnection->query('SELECT `p`.`idP...', Array, false)
#3 C:\xampp\htdocs\dietabackweb\app\Controllers\WishListController.php(53): CodeIgniter\Database\BaseBuilder->get()
#4 C:\xampp\htdocs\dietabackweb\system\CodeIgniter.php(933): App\Controllers\WishListController->getWishList('9')
#5 C:\xampp\htdocs\dietabackweb\system\CodeIgniter.php(507): CodeIgniter\CodeIgniter->runController(Object(App\Controllers\WishListController))
#6 C:\xampp\htdocs\dietabackweb\system\CodeIgniter.php(354): CodeIgniter\CodeIgniter->handleRequest(NULL, Object(Config\Cache), false)
#7 C:\xampp\htdocs\dietabackweb\system\Boot.php(334): CodeIgniter\CodeIgniter->run()
#8 C:\xampp\htdocs\dietabackweb\system\Boot.php(67): CodeIgniter\Boot::runCodeIgniter(Object(CodeIgniter\CodeIgniter))
#9 C:\xampp\htdocs\dietabackweb\public\index.php(63): CodeIgniter\Boot::bootWeb(Object(Config\Paths))
#10 C:\xampp\htdocs\dietabackweb\system\rewrite.php(44): require_once('C:\\xampp\\htdocs...')
#11 {main}
CRITICAL - 2026-01-05 21:35:58 --> CodeIgniter\Database\Exceptions\DatabaseException: Unable to connect to the database.
Main connection [MySQLi]: Host 'localhost' is not allowed to connect to this MariaDB server
[Method: GET, Route: wishlist/get/9]
in SYSTEMPATH\Database\BaseConnection.php on line 467.
 1 SYSTEMPATH\Database\BaseConnection.php(620): CodeIgniter\Database\BaseConnection->initialize()
 2 SYSTEMPATH\Database\BaseBuilder.php(1649): CodeIgniter\Database\BaseConnection->query('SELECT `p`.`idProduct`, `p`.`description`, `u`.`name` AS `userName`, `u`.`lastName`, `u`.`email`, `p`.`name`, `p`.`price`, `c`.`idWishList`, MIN(i.url) AS image_url
FROM `wishlist` `c`
LEFT JOIN `products` `p` ON `c`.`idProduct` = `p`.`idProduct`
LEFT JOIN `users` `u` ON `c`.`idUser` = `u`.`idUser`
LEFT JOIN `images` `i` ON `c`.`idProduct` = `i`.`idProduct`
WHERE `c`.`idUser` = :c.idUser:
AND `p`.`status` = :p.status:
GROUP BY `p`.`idProduct`, `p`.`description`, `p`.`name`, `p`.`price`, `c`.`idWishList`, `u`.`lastName`, `u`.`email`', [...], false)
 3 APPPATH\Controllers\WishListController.php(53): CodeIgniter\Database\BaseBuilder->get()
 4 SYSTEMPATH\CodeIgniter.php(933): App\Controllers\WishListController->getWishList('9')
 5 SYSTEMPATH\CodeIgniter.php(507): CodeIgniter\CodeIgniter->runController(Object(App\Controllers\WishListController))
 6 SYSTEMPATH\CodeIgniter.php(354): CodeIgniter\CodeIgniter->handleRequest(null, Object(Config\Cache), false)
 7 SYSTEMPATH\Boot.php(334): CodeIgniter\CodeIgniter->run()
 8 SYSTEMPATH\Boot.php(67): CodeIgniter\Boot::runCodeIgniter(Object(CodeIgniter\CodeIgniter))
 9 FCPATH\index.php(63): CodeIgniter\Boot::bootWeb(Object(Config\Paths))
10 SYSTEMPATH\rewrite.php(44): require_once('C:\\xampp\\htdocs\\dietabackweb\\public\\index.php')
ERROR - 2026-01-05 21:35:58 --> Error connecting to the database: mysqli_sql_exception: Host 'localhost' is not allowed to connect to this MariaDB server in C:\xampp\htdocs\dietabackweb\system\Database\MySQLi\Connection.php:201
Stack trace:
#0 C:\xampp\htdocs\dietabackweb\system\Database\MySQLi\Connection.php(201): mysqli->real_connect('localhost', 'root', Object(SensitiveParameterValue), 'auction_bids', 3306, '', 0)
#1 C:\xampp\htdocs\dietabackweb\system\Database\BaseConnection.php(421): CodeIgniter\Database\MySQLi\Connection->connect(false)
#2 C:\xampp\htdocs\dietabackweb\system\Database\BaseConnection.php(620): CodeIgniter\Database\BaseConnection->initialize()
#3 C:\xampp\htdocs\dietabackweb\system\Database\BaseBuilder.php(1649): CodeIgniter\Database\BaseConnection->query('SELECT *\nFROM `...', Array, false)
#4 C:\xampp\htdocs\dietabackweb\system\Model.php(286): CodeIgniter\Database\BaseBuilder->get()
#5 C:\xampp\htdocs\dietabackweb\system\BaseModel.php(675): CodeIgniter\Model->doFindAll(0, 0)
#6 C:\xampp\htdocs\dietabackweb\app\Controllers\BannersController.php(20): CodeIgniter\BaseModel->findAll()
#7 C:\xampp\htdocs\dietabackweb\system\CodeIgniter.php(933): App\Controllers\BannersController->index()
#8 C:\xampp\htdocs\dietabackweb\system\CodeIgniter.php(507): CodeIgniter\CodeIgniter->runController(Object(App\Controllers\BannersController))
#9 C:\xampp\htdocs\dietabackweb\system\CodeIgniter.php(354): CodeIgniter\CodeIgniter->handleRequest(NULL, Object(Config\Cache), false)
#10 C:\xampp\htdocs\dietabackweb\system\Boot.php(334): CodeIgniter\CodeIgniter->run()
#11 C:\xampp\htdocs\dietabackweb\system\Boot.php(67): CodeIgniter\Boot::runCodeIgniter(Object(CodeIgniter\CodeIgniter))
#12 C:\xampp\htdocs\dietabackweb\public\index.php(63): CodeIgniter\Boot::bootWeb(Object(Config\Paths))
#13 C:\xampp\htdocs\dietabackweb\system\rewrite.php(44): require_once('C:\\xampp\\htdocs...')
#14 {main}

Next CodeIgniter\Database\Exceptions\DatabaseException: Host 'localhost' is not allowed to connect to this MariaDB server in C:\xampp\htdocs\dietabackweb\system\Database\MySQLi\Connection.php:246
Stack trace:
#0 C:\xampp\htdocs\dietabackweb\system\Database\BaseConnection.php(421): CodeIgniter\Database\MySQLi\Connection->connect(false)
#1 C:\xampp\htdocs\dietabackweb\system\Database\BaseConnection.php(620): CodeIgniter\Database\BaseConnection->initialize()
#2 C:\xampp\htdocs\dietabackweb\system\Database\BaseBuilder.php(1649): CodeIgniter\Database\BaseConnection->query('SELECT *\nFROM `...', Array, false)
#3 C:\xampp\htdocs\dietabackweb\system\Model.php(286): CodeIgniter\Database\BaseBuilder->get()
#4 C:\xampp\htdocs\dietabackweb\system\BaseModel.php(675): CodeIgniter\Model->doFindAll(0, 0)
#5 C:\xampp\htdocs\dietabackweb\app\Controllers\BannersController.php(20): CodeIgniter\BaseModel->findAll()
#6 C:\xampp\htdocs\dietabackweb\system\CodeIgniter.php(933): App\Controllers\BannersController->index()
#7 C:\xampp\htdocs\dietabackweb\system\CodeIgniter.php(507): CodeIgniter\CodeIgniter->runController(Object(App\Controllers\BannersController))
#8 C:\xampp\htdocs\dietabackweb\system\CodeIgniter.php(354): CodeIgniter\CodeIgniter->handleRequest(NULL, Object(Config\Cache), false)
#9 C:\xampp\htdocs\dietabackweb\system\Boot.php(334): CodeIgniter\CodeIgniter->run()
#10 C:\xampp\htdocs\dietabackweb\system\Boot.php(67): CodeIgniter\Boot::runCodeIgniter(Object(CodeIgniter\CodeIgniter))
#11 C:\xampp\htdocs\dietabackweb\public\index.php(63): CodeIgniter\Boot::bootWeb(Object(Config\Paths))
#12 C:\xampp\htdocs\dietabackweb\system\rewrite.php(44): require_once('C:\\xampp\\htdocs...')
#13 {main}
CRITICAL - 2026-01-05 21:35:58 --> CodeIgniter\Database\Exceptions\DatabaseException: Unable to connect to the database.
Main connection [MySQLi]: Host 'localhost' is not allowed to connect to this MariaDB server
[Method: GET, Route: banners]
in SYSTEMPATH\Database\BaseConnection.php on line 467.
 1 SYSTEMPATH\Database\BaseConnection.php(620): CodeIgniter\Database\BaseConnection->initialize()
 2 SYSTEMPATH\Database\BaseBuilder.php(1649): CodeIgniter\Database\BaseConnection->query('SELECT *
FROM `banners`', [], false)
 3 SYSTEMPATH\Model.php(286): CodeIgniter\Database\BaseBuilder->get()
 4 SYSTEMPATH\BaseModel.php(675): CodeIgniter\Model->doFindAll(0, 0)
 5 APPPATH\Controllers\BannersController.php(20): CodeIgniter\BaseModel->findAll()
 6 SYSTEMPATH\CodeIgniter.php(933): App\Controllers\BannersController->index()
 7 SYSTEMPATH\CodeIgniter.php(507): CodeIgniter\CodeIgniter->runController(Object(App\Controllers\BannersController))
 8 SYSTEMPATH\CodeIgniter.php(354): CodeIgniter\CodeIgniter->handleRequest(null, Object(Config\Cache), false)
 9 SYSTEMPATH\Boot.php(334): CodeIgniter\CodeIgniter->run()
10 SYSTEMPATH\Boot.php(67): CodeIgniter\Boot::runCodeIgniter(Object(CodeIgniter\CodeIgniter))
11 FCPATH\index.php(63): CodeIgniter\Boot::bootWeb(Object(Config\Paths))
12 SYSTEMPATH\rewrite.php(44): require_once('C:\\xampp\\htdocs\\dietabackweb\\public\\index.php')
ERROR - 2026-01-05 21:35:58 --> Error connecting to the database: mysqli_sql_exception: Host 'localhost' is not allowed to connect to this MariaDB server in C:\xampp\htdocs\dietabackweb\system\Database\MySQLi\Connection.php:201
Stack trace:
#0 C:\xampp\htdocs\dietabackweb\system\Database\MySQLi\Connection.php(201): mysqli->real_connect('localhost', 'root', Object(SensitiveParameterValue), 'auction_bids', 3306, '', 0)
#1 C:\xampp\htdocs\dietabackweb\system\Database\BaseConnection.php(421): CodeIgniter\Database\MySQLi\Connection->connect(false)
#2 C:\xampp\htdocs\dietabackweb\system\Database\BaseConnection.php(620): CodeIgniter\Database\BaseConnection->initialize()
#3 C:\xampp\htdocs\dietabackweb\system\Database\BaseBuilder.php(1649): CodeIgniter\Database\BaseConnection->query('SELECT `c`.`idC...', Array, false)
#4 C:\xampp\htdocs\dietabackweb\app\Controllers\CategoriesController.php(33): CodeIgniter\Database\BaseBuilder->get()
#5 C:\xampp\htdocs\dietabackweb\system\CodeIgniter.php(933): App\Controllers\CategoriesController->getCategories()
#6 C:\xampp\htdocs\dietabackweb\system\CodeIgniter.php(507): CodeIgniter\CodeIgniter->runController(Object(App\Controllers\CategoriesController))
#7 C:\xampp\htdocs\dietabackweb\system\CodeIgniter.php(354): CodeIgniter\CodeIgniter->handleRequest(NULL, Object(Config\Cache), false)
#8 C:\xampp\htdocs\dietabackweb\system\Boot.php(334): CodeIgniter\CodeIgniter->run()
#9 C:\xampp\htdocs\dietabackweb\system\Boot.php(67): CodeIgniter\Boot::runCodeIgniter(Object(CodeIgniter\CodeIgniter))
#10 C:\xampp\htdocs\dietabackweb\public\index.php(63): CodeIgniter\Boot::bootWeb(Object(Config\Paths))
#11 C:\xampp\htdocs\dietabackweb\system\rewrite.php(44): require_once('C:\\xampp\\htdocs...')
#12 {main}

Next CodeIgniter\Database\Exceptions\DatabaseException: Host 'localhost' is not allowed to connect to this MariaDB server in C:\xampp\htdocs\dietabackweb\system\Database\MySQLi\Connection.php:246
Stack trace:
#0 C:\xampp\htdocs\dietabackweb\system\Database\BaseConnection.php(421): CodeIgniter\Database\MySQLi\Connection->connect(false)
#1 C:\xampp\htdocs\dietabackweb\system\Database\BaseConnection.php(620): CodeIgniter\Database\BaseConnection->initialize()
#2 C:\xampp\htdocs\dietabackweb\system\Database\BaseBuilder.php(1649): CodeIgniter\Database\BaseConnection->query('SELECT `c`.`idC...', Array, false)
#3 C:\xampp\htdocs\dietabackweb\app\Controllers\CategoriesController.php(33): CodeIgniter\Database\BaseBuilder->get()
#4 C:\xampp\htdocs\dietabackweb\system\CodeIgniter.php(933): App\Controllers\CategoriesController->getCategories()
#5 C:\xampp\htdocs\dietabackweb\system\CodeIgniter.php(507): CodeIgniter\CodeIgniter->runController(Object(App\Controllers\CategoriesController))
#6 C:\xampp\htdocs\dietabackweb\system\CodeIgniter.php(354): CodeIgniter\CodeIgniter->handleRequest(NULL, Object(Config\Cache), false)
#7 C:\xampp\htdocs\dietabackweb\system\Boot.php(334): CodeIgniter\CodeIgniter->run()
#8 C:\xampp\htdocs\dietabackweb\system\Boot.php(67): CodeIgniter\Boot::runCodeIgniter(Object(CodeIgniter\CodeIgniter))
#9 C:\xampp\htdocs\dietabackweb\public\index.php(63): CodeIgniter\Boot::bootWeb(Object(Config\Paths))
#10 C:\xampp\htdocs\dietabackweb\system\rewrite.php(44): require_once('C:\\xampp\\htdocs...')
#11 {main}
CRITICAL - 2026-01-05 21:35:58 --> CodeIgniter\Database\Exceptions\DatabaseException: Unable to connect to the database.
Main connection [MySQLi]: Host 'localhost' is not allowed to connect to this MariaDB server
[Method: GET, Route: categories/active]
in SYSTEMPATH\Database\BaseConnection.php on line 467.
 1 SYSTEMPATH\Database\BaseConnection.php(620): CodeIgniter\Database\BaseConnection->initialize()
 2 SYSTEMPATH\Database\BaseBuilder.php(1649): CodeIgniter\Database\BaseConnection->query('SELECT `c`.`idCategory`, `c`.`name`, `c`.`image`, `c`.`url`, COUNT(p.idProduct) AS total_productos
FROM `categories` `c`
LEFT JOIN `products` `p` ON `c`.`idCategory` = `p`.`idCategory` and `p`.`status` = 1
GROUP BY `c`.`idCategory`, `c`.`name`, `c`.`image`, `c`.`url`', [], false)
 3 APPPATH\Controllers\CategoriesController.php(33): CodeIgniter\Database\BaseBuilder->get()
 4 SYSTEMPATH\CodeIgniter.php(933): App\Controllers\CategoriesController->getCategories()
 5 SYSTEMPATH\CodeIgniter.php(507): CodeIgniter\CodeIgniter->runController(Object(App\Controllers\CategoriesController))
 6 SYSTEMPATH\CodeIgniter.php(354): CodeIgniter\CodeIgniter->handleRequest(null, Object(Config\Cache), false)
 7 SYSTEMPATH\Boot.php(334): CodeIgniter\CodeIgniter->run()
 8 SYSTEMPATH\Boot.php(67): CodeIgniter\Boot::runCodeIgniter(Object(CodeIgniter\CodeIgniter))
 9 FCPATH\index.php(63): CodeIgniter\Boot::bootWeb(Object(Config\Paths))
10 SYSTEMPATH\rewrite.php(44): require_once('C:\\xampp\\htdocs\\dietabackweb\\public\\index.php')
ERROR - 2026-01-05 21:35:58 --> Error connecting to the database: mysqli_sql_exception: Host 'localhost' is not allowed to connect to this MariaDB server in C:\xampp\htdocs\dietabackweb\system\Database\MySQLi\Connection.php:201
Stack trace:
#0 C:\xampp\htdocs\dietabackweb\system\Database\MySQLi\Connection.php(201): mysqli->real_connect('localhost', 'root', Object(SensitiveParameterValue), 'auction_bids', 3306, '', 0)
#1 C:\xampp\htdocs\dietabackweb\system\Database\BaseConnection.php(421): CodeIgniter\Database\MySQLi\Connection->connect(false)
#2 C:\xampp\htdocs\dietabackweb\system\Database\BaseConnection.php(620): CodeIgniter\Database\BaseConnection->initialize()
#3 C:\xampp\htdocs\dietabackweb\system\Database\BaseBuilder.php(1649): CodeIgniter\Database\BaseConnection->query('SELECT `p`.`idP...', Array, false)
#4 C:\xampp\htdocs\dietabackweb\app\Controllers\ProductsController.php(73): CodeIgniter\Database\BaseBuilder->get()
#5 C:\xampp\htdocs\dietabackweb\system\CodeIgniter.php(933): App\Controllers\ProductsController->getProductsImage()
#6 C:\xampp\htdocs\dietabackweb\system\CodeIgniter.php(507): CodeIgniter\CodeIgniter->runController(Object(App\Controllers\ProductsController))
#7 C:\xampp\htdocs\dietabackweb\system\CodeIgniter.php(354): CodeIgniter\CodeIgniter->handleRequest(NULL, Object(Config\Cache), false)
#8 C:\xampp\htdocs\dietabackweb\system\Boot.php(334): CodeIgniter\CodeIgniter->run()
#9 C:\xampp\htdocs\dietabackweb\system\Boot.php(67): CodeIgniter\Boot::runCodeIgniter(Object(CodeIgniter\CodeIgniter))
#10 C:\xampp\htdocs\dietabackweb\public\index.php(63): CodeIgniter\Boot::bootWeb(Object(Config\Paths))
#11 C:\xampp\htdocs\dietabackweb\system\rewrite.php(44): require_once('C:\\xampp\\htdocs...')
#12 {main}

Next CodeIgniter\Database\Exceptions\DatabaseException: Host 'localhost' is not allowed to connect to this MariaDB server in C:\xampp\htdocs\dietabackweb\system\Database\MySQLi\Connection.php:246
Stack trace:
#0 C:\xampp\htdocs\dietabackweb\system\Database\BaseConnection.php(421): CodeIgniter\Database\MySQLi\Connection->connect(false)
#1 C:\xampp\htdocs\dietabackweb\system\Database\BaseConnection.php(620): CodeIgniter\Database\BaseConnection->initialize()
#2 C:\xampp\htdocs\dietabackweb\system\Database\BaseBuilder.php(1649): CodeIgniter\Database\BaseConnection->query('SELECT `p`.`idP...', Array, false)
#3 C:\xampp\htdocs\dietabackweb\app\Controllers\ProductsController.php(73): CodeIgniter\Database\BaseBuilder->get()
#4 C:\xampp\htdocs\dietabackweb\system\CodeIgniter.php(933): App\Controllers\ProductsController->getProductsImage()
#5 C:\xampp\htdocs\dietabackweb\system\CodeIgniter.php(507): CodeIgniter\CodeIgniter->runController(Object(App\Controllers\ProductsController))
#6 C:\xampp\htdocs\dietabackweb\system\CodeIgniter.php(354): CodeIgniter\CodeIgniter->handleRequest(NULL, Object(Config\Cache), false)
#7 C:\xampp\htdocs\dietabackweb\system\Boot.php(334): CodeIgniter\CodeIgniter->run()
#8 C:\xampp\htdocs\dietabackweb\system\Boot.php(67): CodeIgniter\Boot::runCodeIgniter(Object(CodeIgniter\CodeIgniter))
#9 C:\xampp\htdocs\dietabackweb\public\index.php(63): CodeIgniter\Boot::bootWeb(Object(Config\Paths))
#10 C:\xampp\htdocs\dietabackweb\system\rewrite.php(44): require_once('C:\\xampp\\htdocs...')
#11 {main}
CRITICAL - 2026-01-05 21:35:58 --> CodeIgniter\Database\Exceptions\DatabaseException: Unable to connect to the database.
Main connection [MySQLi]: Host 'localhost' is not allowed to connect to this MariaDB server
[Method: GET, Route: products/categories]
in SYSTEMPATH\Database\BaseConnection.php on line 467.
 1 SYSTEMPATH\Database\BaseConnection.php(620): CodeIgniter\Database\BaseConnection->initialize()
 2 SYSTEMPATH\Database\BaseBuilder.php(1649): CodeIgniter\Database\BaseConnection->query('SELECT `p`.`idProduct`, `p`.`name`, `p`.`price`, MIN(i.url) AS image_url, `p`.`description`
FROM `products` `p`
LEFT JOIN `images` `i` ON `p`.`idProduct` = `i`.`idProduct`
WHERE `p`.`status` = :p.status:
GROUP BY `p`.`idProduct`, `p`.`name`, `p`.`price`, `p`.`description`
ORDER BY `p`.`idProduct` DESC', [...], false)
 3 APPPATH\Controllers\ProductsController.php(73): CodeIgniter\Database\BaseBuilder->get()
 4 SYSTEMPATH\CodeIgniter.php(933): App\Controllers\ProductsController->getProductsImage()
 5 SYSTEMPATH\CodeIgniter.php(507): CodeIgniter\CodeIgniter->runController(Object(App\Controllers\ProductsController))
 6 SYSTEMPATH\CodeIgniter.php(354): CodeIgniter\CodeIgniter->handleRequest(null, Object(Config\Cache), false)
 7 SYSTEMPATH\Boot.php(334): CodeIgniter\CodeIgniter->run()
 8 SYSTEMPATH\Boot.php(67): CodeIgniter\Boot::runCodeIgniter(Object(CodeIgniter\CodeIgniter))
 9 FCPATH\index.php(63): CodeIgniter\Boot::bootWeb(Object(Config\Paths))
10 SYSTEMPATH\rewrite.php(44): require_once('C:\\xampp\\htdocs\\dietabackweb\\public\\index.php')
ERROR - 2026-01-05 21:36:22 --> Error connecting to the database: mysqli_sql_exception: Host 'localhost' is not allowed to connect to this MariaDB server in C:\xampp\htdocs\dietabackweb\system\Database\MySQLi\Connection.php:201
Stack trace:
#0 C:\xampp\htdocs\dietabackweb\system\Database\MySQLi\Connection.php(201): mysqli->real_connect('localhost', 'root', Object(SensitiveParameterValue), 'auction_bids', 3306, '', 0)
#1 C:\xampp\htdocs\dietabackweb\system\Database\BaseConnection.php(421): CodeIgniter\Database\MySQLi\Connection->connect(false)
#2 C:\xampp\htdocs\dietabackweb\system\Database\BaseConnection.php(620): CodeIgniter\Database\BaseConnection->initialize()
#3 C:\xampp\htdocs\dietabackweb\system\Database\BaseBuilder.php(1649): CodeIgniter\Database\BaseConnection->query('SELECT `p`.`idP...', Array, false)
#4 C:\xampp\htdocs\dietabackweb\app\Controllers\CartController.php(51): CodeIgniter\Database\BaseBuilder->get()
#5 C:\xampp\htdocs\dietabackweb\system\CodeIgniter.php(933): App\Controllers\CartController->getCart('9')
#6 C:\xampp\htdocs\dietabackweb\system\CodeIgniter.php(507): CodeIgniter\CodeIgniter->runController(Object(App\Controllers\CartController))
#7 C:\xampp\htdocs\dietabackweb\system\CodeIgniter.php(354): CodeIgniter\CodeIgniter->handleRequest(NULL, Object(Config\Cache), false)
#8 C:\xampp\htdocs\dietabackweb\system\Boot.php(334): CodeIgniter\CodeIgniter->run()
#9 C:\xampp\htdocs\dietabackweb\system\Boot.php(67): CodeIgniter\Boot::runCodeIgniter(Object(CodeIgniter\CodeIgniter))
#10 C:\xampp\htdocs\dietabackweb\public\index.php(63): CodeIgniter\Boot::bootWeb(Object(Config\Paths))
#11 C:\xampp\htdocs\dietabackweb\system\rewrite.php(44): require_once('C:\\xampp\\htdocs...')
#12 {main}

Next CodeIgniter\Database\Exceptions\DatabaseException: Host 'localhost' is not allowed to connect to this MariaDB server in C:\xampp\htdocs\dietabackweb\system\Database\MySQLi\Connection.php:246
Stack trace:
#0 C:\xampp\htdocs\dietabackweb\system\Database\BaseConnection.php(421): CodeIgniter\Database\MySQLi\Connection->connect(false)
#1 C:\xampp\htdocs\dietabackweb\system\Database\BaseConnection.php(620): CodeIgniter\Database\BaseConnection->initialize()
#2 C:\xampp\htdocs\dietabackweb\system\Database\BaseBuilder.php(1649): CodeIgniter\Database\BaseConnection->query('SELECT `p`.`idP...', Array, false)
#3 C:\xampp\htdocs\dietabackweb\app\Controllers\CartController.php(51): CodeIgniter\Database\BaseBuilder->get()
#4 C:\xampp\htdocs\dietabackweb\system\CodeIgniter.php(933): App\Controllers\CartController->getCart('9')
#5 C:\xampp\htdocs\dietabackweb\system\CodeIgniter.php(507): CodeIgniter\CodeIgniter->runController(Object(App\Controllers\CartController))
#6 C:\xampp\htdocs\dietabackweb\system\CodeIgniter.php(354): CodeIgniter\CodeIgniter->handleRequest(NULL, Object(Config\Cache), false)
#7 C:\xampp\htdocs\dietabackweb\system\Boot.php(334): CodeIgniter\CodeIgniter->run()
#8 C:\xampp\htdocs\dietabackweb\system\Boot.php(67): CodeIgniter\Boot::runCodeIgniter(Object(CodeIgniter\CodeIgniter))
#9 C:\xampp\htdocs\dietabackweb\public\index.php(63): CodeIgniter\Boot::bootWeb(Object(Config\Paths))
#10 C:\xampp\htdocs\dietabackweb\system\rewrite.php(44): require_once('C:\\xampp\\htdocs...')
#11 {main}
CRITICAL - 2026-01-05 21:36:22 --> CodeIgniter\Database\Exceptions\DatabaseException: Unable to connect to the database.
Main connection [MySQLi]: Host 'localhost' is not allowed to connect to this MariaDB server
[Method: GET, Route: cart/get/9]
in SYSTEMPATH\Database\BaseConnection.php on line 467.
 1 SYSTEMPATH\Database\BaseConnection.php(620): CodeIgniter\Database\BaseConnection->initialize()
 2 SYSTEMPATH\Database\BaseBuilder.php(1649): CodeIgniter\Database\BaseConnection->query('SELECT `p`.`idProduct`, `p`.`description`, `p`.`price`, `p`.`name`, `c`.`idCart`, MIN(i.url) AS image_url
FROM `cart` `c`
LEFT JOIN `products` `p` ON `c`.`idProduct` = `p`.`idProduct`
LEFT JOIN `users` `u` ON `c`.`idUser` = `u`.`idUser`
LEFT JOIN `images` `i` ON `c`.`idProduct` = `i`.`idProduct`
WHERE `c`.`idUser` = :c.idUser:
GROUP BY `p`.`idProduct`, `p`.`description`, `p`.`price`, `p`.`name`, `c`.`idCart`', [...], false)
 3 APPPATH\Controllers\CartController.php(51): CodeIgniter\Database\BaseBuilder->get()
 4 SYSTEMPATH\CodeIgniter.php(933): App\Controllers\CartController->getCart('9')
 5 SYSTEMPATH\CodeIgniter.php(507): CodeIgniter\CodeIgniter->runController(Object(App\Controllers\CartController))
 6 SYSTEMPATH\CodeIgniter.php(354): CodeIgniter\CodeIgniter->handleRequest(null, Object(Config\Cache), false)
 7 SYSTEMPATH\Boot.php(334): CodeIgniter\CodeIgniter->run()
 8 SYSTEMPATH\Boot.php(67): CodeIgniter\Boot::runCodeIgniter(Object(CodeIgniter\CodeIgniter))
 9 FCPATH\index.php(63): CodeIgniter\Boot::bootWeb(Object(Config\Paths))
10 SYSTEMPATH\rewrite.php(44): require_once('C:\\xampp\\htdocs\\dietabackweb\\public\\index.php')
ERROR - 2026-01-05 21:36:23 --> Error connecting to the database: mysqli_sql_exception: Host 'localhost' is not allowed to connect to this MariaDB server in C:\xampp\htdocs\dietabackweb\system\Database\MySQLi\Connection.php:201
Stack trace:
#0 C:\xampp\htdocs\dietabackweb\system\Database\MySQLi\Connection.php(201): mysqli->real_connect('localhost', 'root', Object(SensitiveParameterValue), 'auction_bids', 3306, '', 0)
#1 C:\xampp\htdocs\dietabackweb\system\Database\BaseConnection.php(421): CodeIgniter\Database\MySQLi\Connection->connect(false)
#2 C:\xampp\htdocs\dietabackweb\system\Database\BaseConnection.php(620): CodeIgniter\Database\BaseConnection->initialize()
#3 C:\xampp\htdocs\dietabackweb\system\Database\BaseBuilder.php(1649): CodeIgniter\Database\BaseConnection->query('SELECT `p`.`idP...', Array, false)
#4 C:\xampp\htdocs\dietabackweb\app\Controllers\WishListController.php(53): CodeIgniter\Database\BaseBuilder->get()
#5 C:\xampp\htdocs\dietabackweb\system\CodeIgniter.php(933): App\Controllers\WishListController->getWishList('9')
#6 C:\xampp\htdocs\dietabackweb\system\CodeIgniter.php(507): CodeIgniter\CodeIgniter->runController(Object(App\Controllers\WishListController))
#7 C:\xampp\htdocs\dietabackweb\system\CodeIgniter.php(354): CodeIgniter\CodeIgniter->handleRequest(NULL, Object(Config\Cache), false)
#8 C:\xampp\htdocs\dietabackweb\system\Boot.php(334): CodeIgniter\CodeIgniter->run()
#9 C:\xampp\htdocs\dietabackweb\system\Boot.php(67): CodeIgniter\Boot::runCodeIgniter(Object(CodeIgniter\CodeIgniter))
#10 C:\xampp\htdocs\dietabackweb\public\index.php(63): CodeIgniter\Boot::bootWeb(Object(Config\Paths))
#11 C:\xampp\htdocs\dietabackweb\system\rewrite.php(44): require_once('C:\\xampp\\htdocs...')
#12 {main}

Next CodeIgniter\Database\Exceptions\DatabaseException: Host 'localhost' is not allowed to connect to this MariaDB server in C:\xampp\htdocs\dietabackweb\system\Database\MySQLi\Connection.php:246
Stack trace:
#0 C:\xampp\htdocs\dietabackweb\system\Database\BaseConnection.php(421): CodeIgniter\Database\MySQLi\Connection->connect(false)
#1 C:\xampp\htdocs\dietabackweb\system\Database\BaseConnection.php(620): CodeIgniter\Database\BaseConnection->initialize()
#2 C:\xampp\htdocs\dietabackweb\system\Database\BaseBuilder.php(1649): CodeIgniter\Database\BaseConnection->query('SELECT `p`.`idP...', Array, false)
#3 C:\xampp\htdocs\dietabackweb\app\Controllers\WishListController.php(53): CodeIgniter\Database\BaseBuilder->get()
#4 C:\xampp\htdocs\dietabackweb\system\CodeIgniter.php(933): App\Controllers\WishListController->getWishList('9')
#5 C:\xampp\htdocs\dietabackweb\system\CodeIgniter.php(507): CodeIgniter\CodeIgniter->runController(Object(App\Controllers\WishListController))
#6 C:\xampp\htdocs\dietabackweb\system\CodeIgniter.php(354): CodeIgniter\CodeIgniter->handleRequest(NULL, Object(Config\Cache), false)
#7 C:\xampp\htdocs\dietabackweb\system\Boot.php(334): CodeIgniter\CodeIgniter->run()
#8 C:\xampp\htdocs\dietabackweb\system\Boot.php(67): CodeIgniter\Boot::runCodeIgniter(Object(CodeIgniter\CodeIgniter))
#9 C:\xampp\htdocs\dietabackweb\public\index.php(63): CodeIgniter\Boot::bootWeb(Object(Config\Paths))
#10 C:\xampp\htdocs\dietabackweb\system\rewrite.php(44): require_once('C:\\xampp\\htdocs...')
#11 {main}
CRITICAL - 2026-01-05 21:36:23 --> CodeIgniter\Database\Exceptions\DatabaseException: Unable to connect to the database.
Main connection [MySQLi]: Host 'localhost' is not allowed to connect to this MariaDB server
[Method: GET, Route: wishlist/get/9]
in SYSTEMPATH\Database\BaseConnection.php on line 467.
 1 SYSTEMPATH\Database\BaseConnection.php(620): CodeIgniter\Database\BaseConnection->initialize()
 2 SYSTEMPATH\Database\BaseBuilder.php(1649): CodeIgniter\Database\BaseConnection->query('SELECT `p`.`idProduct`, `p`.`description`, `u`.`name` AS `userName`, `u`.`lastName`, `u`.`email`, `p`.`name`, `p`.`price`, `c`.`idWishList`, MIN(i.url) AS image_url
FROM `wishlist` `c`
LEFT JOIN `products` `p` ON `c`.`idProduct` = `p`.`idProduct`
LEFT JOIN `users` `u` ON `c`.`idUser` = `u`.`idUser`
LEFT JOIN `images` `i` ON `c`.`idProduct` = `i`.`idProduct`
WHERE `c`.`idUser` = :c.idUser:
AND `p`.`status` = :p.status:
GROUP BY `p`.`idProduct`, `p`.`description`, `p`.`name`, `p`.`price`, `c`.`idWishList`, `u`.`lastName`, `u`.`email`', [...], false)
 3 APPPATH\Controllers\WishListController.php(53): CodeIgniter\Database\BaseBuilder->get()
 4 SYSTEMPATH\CodeIgniter.php(933): App\Controllers\WishListController->getWishList('9')
 5 SYSTEMPATH\CodeIgniter.php(507): CodeIgniter\CodeIgniter->runController(Object(App\Controllers\WishListController))
 6 SYSTEMPATH\CodeIgniter.php(354): CodeIgniter\CodeIgniter->handleRequest(null, Object(Config\Cache), false)
 7 SYSTEMPATH\Boot.php(334): CodeIgniter\CodeIgniter->run()
 8 SYSTEMPATH\Boot.php(67): CodeIgniter\Boot::runCodeIgniter(Object(CodeIgniter\CodeIgniter))
 9 FCPATH\index.php(63): CodeIgniter\Boot::bootWeb(Object(Config\Paths))
10 SYSTEMPATH\rewrite.php(44): require_once('C:\\xampp\\htdocs\\dietabackweb\\public\\index.php')
ERROR - 2026-01-05 21:36:23 --> Error connecting to the database: mysqli_sql_exception: Host 'localhost' is not allowed to connect to this MariaDB server in C:\xampp\htdocs\dietabackweb\system\Database\MySQLi\Connection.php:201
Stack trace:
#0 C:\xampp\htdocs\dietabackweb\system\Database\MySQLi\Connection.php(201): mysqli->real_connect('localhost', 'root', Object(SensitiveParameterValue), 'auction_bids', 3306, '', 0)
#1 C:\xampp\htdocs\dietabackweb\system\Database\BaseConnection.php(421): CodeIgniter\Database\MySQLi\Connection->connect(false)
#2 C:\xampp\htdocs\dietabackweb\system\Database\BaseConnection.php(620): CodeIgniter\Database\BaseConnection->initialize()
#3 C:\xampp\htdocs\dietabackweb\system\Database\BaseBuilder.php(1649): CodeIgniter\Database\BaseConnection->query('SELECT *\nFROM `...', Array, false)
#4 C:\xampp\htdocs\dietabackweb\system\Model.php(286): CodeIgniter\Database\BaseBuilder->get()
#5 C:\xampp\htdocs\dietabackweb\system\BaseModel.php(675): CodeIgniter\Model->doFindAll(0, 0)
#6 C:\xampp\htdocs\dietabackweb\app\Controllers\BannersController.php(20): CodeIgniter\BaseModel->findAll()
#7 C:\xampp\htdocs\dietabackweb\system\CodeIgniter.php(933): App\Controllers\BannersController->index()
#8 C:\xampp\htdocs\dietabackweb\system\CodeIgniter.php(507): CodeIgniter\CodeIgniter->runController(Object(App\Controllers\BannersController))
#9 C:\xampp\htdocs\dietabackweb\system\CodeIgniter.php(354): CodeIgniter\CodeIgniter->handleRequest(NULL, Object(Config\Cache), false)
#10 C:\xampp\htdocs\dietabackweb\system\Boot.php(334): CodeIgniter\CodeIgniter->run()
#11 C:\xampp\htdocs\dietabackweb\system\Boot.php(67): CodeIgniter\Boot::runCodeIgniter(Object(CodeIgniter\CodeIgniter))
#12 C:\xampp\htdocs\dietabackweb\public\index.php(63): CodeIgniter\Boot::bootWeb(Object(Config\Paths))
#13 C:\xampp\htdocs\dietabackweb\system\rewrite.php(44): require_once('C:\\xampp\\htdocs...')
#14 {main}

Next CodeIgniter\Database\Exceptions\DatabaseException: Host 'localhost' is not allowed to connect to this MariaDB server in C:\xampp\htdocs\dietabackweb\system\Database\MySQLi\Connection.php:246
Stack trace:
#0 C:\xampp\htdocs\dietabackweb\system\Database\BaseConnection.php(421): CodeIgniter\Database\MySQLi\Connection->connect(false)
#1 C:\xampp\htdocs\dietabackweb\system\Database\BaseConnection.php(620): CodeIgniter\Database\BaseConnection->initialize()
#2 C:\xampp\htdocs\dietabackweb\system\Database\BaseBuilder.php(1649): CodeIgniter\Database\BaseConnection->query('SELECT *\nFROM `...', Array, false)
#3 C:\xampp\htdocs\dietabackweb\system\Model.php(286): CodeIgniter\Database\BaseBuilder->get()
#4 C:\xampp\htdocs\dietabackweb\system\BaseModel.php(675): CodeIgniter\Model->doFindAll(0, 0)
#5 C:\xampp\htdocs\dietabackweb\app\Controllers\BannersController.php(20): CodeIgniter\BaseModel->findAll()
#6 C:\xampp\htdocs\dietabackweb\system\CodeIgniter.php(933): App\Controllers\BannersController->index()
#7 C:\xampp\htdocs\dietabackweb\system\CodeIgniter.php(507): CodeIgniter\CodeIgniter->runController(Object(App\Controllers\BannersController))
#8 C:\xampp\htdocs\dietabackweb\system\CodeIgniter.php(354): CodeIgniter\CodeIgniter->handleRequest(NULL, Object(Config\Cache), false)
#9 C:\xampp\htdocs\dietabackweb\system\Boot.php(334): CodeIgniter\CodeIgniter->run()
#10 C:\xampp\htdocs\dietabackweb\system\Boot.php(67): CodeIgniter\Boot::runCodeIgniter(Object(CodeIgniter\CodeIgniter))
#11 C:\xampp\htdocs\dietabackweb\public\index.php(63): CodeIgniter\Boot::bootWeb(Object(Config\Paths))
#12 C:\xampp\htdocs\dietabackweb\system\rewrite.php(44): require_once('C:\\xampp\\htdocs...')
#13 {main}
CRITICAL - 2026-01-05 21:36:23 --> CodeIgniter\Database\Exceptions\DatabaseException: Unable to connect to the database.
Main connection [MySQLi]: Host 'localhost' is not allowed to connect to this MariaDB server
[Method: GET, Route: banners]
in SYSTEMPATH\Database\BaseConnection.php on line 467.
 1 SYSTEMPATH\Database\BaseConnection.php(620): CodeIgniter\Database\BaseConnection->initialize()
 2 SYSTEMPATH\Database\BaseBuilder.php(1649): CodeIgniter\Database\BaseConnection->query('SELECT *
FROM `banners`', [], false)
 3 SYSTEMPATH\Model.php(286): CodeIgniter\Database\BaseBuilder->get()
 4 SYSTEMPATH\BaseModel.php(675): CodeIgniter\Model->doFindAll(0, 0)
 5 APPPATH\Controllers\BannersController.php(20): CodeIgniter\BaseModel->findAll()
 6 SYSTEMPATH\CodeIgniter.php(933): App\Controllers\BannersController->index()
 7 SYSTEMPATH\CodeIgniter.php(507): CodeIgniter\CodeIgniter->runController(Object(App\Controllers\BannersController))
 8 SYSTEMPATH\CodeIgniter.php(354): CodeIgniter\CodeIgniter->handleRequest(null, Object(Config\Cache), false)
 9 SYSTEMPATH\Boot.php(334): CodeIgniter\CodeIgniter->run()
10 SYSTEMPATH\Boot.php(67): CodeIgniter\Boot::runCodeIgniter(Object(CodeIgniter\CodeIgniter))
11 FCPATH\index.php(63): CodeIgniter\Boot::bootWeb(Object(Config\Paths))
12 SYSTEMPATH\rewrite.php(44): require_once('C:\\xampp\\htdocs\\dietabackweb\\public\\index.php')
ERROR - 2026-01-05 21:36:23 --> Error connecting to the database: mysqli_sql_exception: Host 'localhost' is not allowed to connect to this MariaDB server in C:\xampp\htdocs\dietabackweb\system\Database\MySQLi\Connection.php:201
Stack trace:
#0 C:\xampp\htdocs\dietabackweb\system\Database\MySQLi\Connection.php(201): mysqli->real_connect('localhost', 'root', Object(SensitiveParameterValue), 'auction_bids', 3306, '', 0)
#1 C:\xampp\htdocs\dietabackweb\system\Database\BaseConnection.php(421): CodeIgniter\Database\MySQLi\Connection->connect(false)
#2 C:\xampp\htdocs\dietabackweb\system\Database\BaseConnection.php(620): CodeIgniter\Database\BaseConnection->initialize()
#3 C:\xampp\htdocs\dietabackweb\system\Database\BaseBuilder.php(1649): CodeIgniter\Database\BaseConnection->query('SELECT `c`.`idC...', Array, false)
#4 C:\xampp\htdocs\dietabackweb\app\Controllers\CategoriesController.php(33): CodeIgniter\Database\BaseBuilder->get()
#5 C:\xampp\htdocs\dietabackweb\system\CodeIgniter.php(933): App\Controllers\CategoriesController->getCategories()
#6 C:\xampp\htdocs\dietabackweb\system\CodeIgniter.php(507): CodeIgniter\CodeIgniter->runController(Object(App\Controllers\CategoriesController))
#7 C:\xampp\htdocs\dietabackweb\system\CodeIgniter.php(354): CodeIgniter\CodeIgniter->handleRequest(NULL, Object(Config\Cache), false)
#8 C:\xampp\htdocs\dietabackweb\system\Boot.php(334): CodeIgniter\CodeIgniter->run()
#9 C:\xampp\htdocs\dietabackweb\system\Boot.php(67): CodeIgniter\Boot::runCodeIgniter(Object(CodeIgniter\CodeIgniter))
#10 C:\xampp\htdocs\dietabackweb\public\index.php(63): CodeIgniter\Boot::bootWeb(Object(Config\Paths))
#11 C:\xampp\htdocs\dietabackweb\system\rewrite.php(44): require_once('C:\\xampp\\htdocs...')
#12 {main}

Next CodeIgniter\Database\Exceptions\DatabaseException: Host 'localhost' is not allowed to connect to this MariaDB server in C:\xampp\htdocs\dietabackweb\system\Database\MySQLi\Connection.php:246
Stack trace:
#0 C:\xampp\htdocs\dietabackweb\system\Database\BaseConnection.php(421): CodeIgniter\Database\MySQLi\Connection->connect(false)
#1 C:\xampp\htdocs\dietabackweb\system\Database\BaseConnection.php(620): CodeIgniter\Database\BaseConnection->initialize()
#2 C:\xampp\htdocs\dietabackweb\system\Database\BaseBuilder.php(1649): CodeIgniter\Database\BaseConnection->query('SELECT `c`.`idC...', Array, false)
#3 C:\xampp\htdocs\dietabackweb\app\Controllers\CategoriesController.php(33): CodeIgniter\Database\BaseBuilder->get()
#4 C:\xampp\htdocs\dietabackweb\system\CodeIgniter.php(933): App\Controllers\CategoriesController->getCategories()
#5 C:\xampp\htdocs\dietabackweb\system\CodeIgniter.php(507): CodeIgniter\CodeIgniter->runController(Object(App\Controllers\CategoriesController))
#6 C:\xampp\htdocs\dietabackweb\system\CodeIgniter.php(354): CodeIgniter\CodeIgniter->handleRequest(NULL, Object(Config\Cache), false)
#7 C:\xampp\htdocs\dietabackweb\system\Boot.php(334): CodeIgniter\CodeIgniter->run()
#8 C:\xampp\htdocs\dietabackweb\system\Boot.php(67): CodeIgniter\Boot::runCodeIgniter(Object(CodeIgniter\CodeIgniter))
#9 C:\xampp\htdocs\dietabackweb\public\index.php(63): CodeIgniter\Boot::bootWeb(Object(Config\Paths))
#10 C:\xampp\htdocs\dietabackweb\system\rewrite.php(44): require_once('C:\\xampp\\htdocs...')
#11 {main}
CRITICAL - 2026-01-05 21:36:23 --> CodeIgniter\Database\Exceptions\DatabaseException: Unable to connect to the database.
Main connection [MySQLi]: Host 'localhost' is not allowed to connect to this MariaDB server
[Method: GET, Route: categories/active]
in SYSTEMPATH\Database\BaseConnection.php on line 467.
 1 SYSTEMPATH\Database\BaseConnection.php(620): CodeIgniter\Database\BaseConnection->initialize()
 2 SYSTEMPATH\Database\BaseBuilder.php(1649): CodeIgniter\Database\BaseConnection->query('SELECT `c`.`idCategory`, `c`.`name`, `c`.`image`, `c`.`url`, COUNT(p.idProduct) AS total_productos
FROM `categories` `c`
LEFT JOIN `products` `p` ON `c`.`idCategory` = `p`.`idCategory` and `p`.`status` = 1
GROUP BY `c`.`idCategory`, `c`.`name`, `c`.`image`, `c`.`url`', [], false)
 3 APPPATH\Controllers\CategoriesController.php(33): CodeIgniter\Database\BaseBuilder->get()
 4 SYSTEMPATH\CodeIgniter.php(933): App\Controllers\CategoriesController->getCategories()
 5 SYSTEMPATH\CodeIgniter.php(507): CodeIgniter\CodeIgniter->runController(Object(App\Controllers\CategoriesController))
 6 SYSTEMPATH\CodeIgniter.php(354): CodeIgniter\CodeIgniter->handleRequest(null, Object(Config\Cache), false)
 7 SYSTEMPATH\Boot.php(334): CodeIgniter\CodeIgniter->run()
 8 SYSTEMPATH\Boot.php(67): CodeIgniter\Boot::runCodeIgniter(Object(CodeIgniter\CodeIgniter))
 9 FCPATH\index.php(63): CodeIgniter\Boot::bootWeb(Object(Config\Paths))
10 SYSTEMPATH\rewrite.php(44): require_once('C:\\xampp\\htdocs\\dietabackweb\\public\\index.php')
ERROR - 2026-01-05 21:36:23 --> Error connecting to the database: mysqli_sql_exception: Host 'localhost' is not allowed to connect to this MariaDB server in C:\xampp\htdocs\dietabackweb\system\Database\MySQLi\Connection.php:201
Stack trace:
#0 C:\xampp\htdocs\dietabackweb\system\Database\MySQLi\Connection.php(201): mysqli->real_connect('localhost', 'root', Object(SensitiveParameterValue), 'auction_bids', 3306, '', 0)
#1 C:\xampp\htdocs\dietabackweb\system\Database\BaseConnection.php(421): CodeIgniter\Database\MySQLi\Connection->connect(false)
#2 C:\xampp\htdocs\dietabackweb\system\Database\BaseConnection.php(620): CodeIgniter\Database\BaseConnection->initialize()
#3 C:\xampp\htdocs\dietabackweb\system\Database\BaseBuilder.php(1649): CodeIgniter\Database\BaseConnection->query('SELECT `p`.`idP...', Array, false)
#4 C:\xampp\htdocs\dietabackweb\app\Controllers\ProductsController.php(73): CodeIgniter\Database\BaseBuilder->get()
#5 C:\xampp\htdocs\dietabackweb\system\CodeIgniter.php(933): App\Controllers\ProductsController->getProductsImage()
#6 C:\xampp\htdocs\dietabackweb\system\CodeIgniter.php(507): CodeIgniter\CodeIgniter->runController(Object(App\Controllers\ProductsController))
#7 C:\xampp\htdocs\dietabackweb\system\CodeIgniter.php(354): CodeIgniter\CodeIgniter->handleRequest(NULL, Object(Config\Cache), false)
#8 C:\xampp\htdocs\dietabackweb\system\Boot.php(334): CodeIgniter\CodeIgniter->run()
#9 C:\xampp\htdocs\dietabackweb\system\Boot.php(67): CodeIgniter\Boot::runCodeIgniter(Object(CodeIgniter\CodeIgniter))
#10 C:\xampp\htdocs\dietabackweb\public\index.php(63): CodeIgniter\Boot::bootWeb(Object(Config\Paths))
#11 C:\xampp\htdocs\dietabackweb\system\rewrite.php(44): require_once('C:\\xampp\\htdocs...')
#12 {main}

Next CodeIgniter\Database\Exceptions\DatabaseException: Host 'localhost' is not allowed to connect to this MariaDB server in C:\xampp\htdocs\dietabackweb\system\Database\MySQLi\Connection.php:246
Stack trace:
#0 C:\xampp\htdocs\dietabackweb\system\Database\BaseConnection.php(421): CodeIgniter\Database\MySQLi\Connection->connect(false)
#1 C:\xampp\htdocs\dietabackweb\system\Database\BaseConnection.php(620): CodeIgniter\Database\BaseConnection->initialize()
#2 C:\xampp\htdocs\dietabackweb\system\Database\BaseBuilder.php(1649): CodeIgniter\Database\BaseConnection->query('SELECT `p`.`idP...', Array, false)
#3 C:\xampp\htdocs\dietabackweb\app\Controllers\ProductsController.php(73): CodeIgniter\Database\BaseBuilder->get()
#4 C:\xampp\htdocs\dietabackweb\system\CodeIgniter.php(933): App\Controllers\ProductsController->getProductsImage()
#5 C:\xampp\htdocs\dietabackweb\system\CodeIgniter.php(507): CodeIgniter\CodeIgniter->runController(Object(App\Controllers\ProductsController))
#6 C:\xampp\htdocs\dietabackweb\system\CodeIgniter.php(354): CodeIgniter\CodeIgniter->handleRequest(NULL, Object(Config\Cache), false)
#7 C:\xampp\htdocs\dietabackweb\system\Boot.php(334): CodeIgniter\CodeIgniter->run()
#8 C:\xampp\htdocs\dietabackweb\system\Boot.php(67): CodeIgniter\Boot::runCodeIgniter(Object(CodeIgniter\CodeIgniter))
#9 C:\xampp\htdocs\dietabackweb\public\index.php(63): CodeIgniter\Boot::bootWeb(Object(Config\Paths))
#10 C:\xampp\htdocs\dietabackweb\system\rewrite.php(44): require_once('C:\\xampp\\htdocs...')
#11 {main}
CRITICAL - 2026-01-05 21:36:23 --> CodeIgniter\Database\Exceptions\DatabaseException: Unable to connect to the database.
Main connection [MySQLi]: Host 'localhost' is not allowed to connect to this MariaDB server
[Method: GET, Route: products/categories]
in SYSTEMPATH\Database\BaseConnection.php on line 467.
 1 SYSTEMPATH\Database\BaseConnection.php(620): CodeIgniter\Database\BaseConnection->initialize()
 2 SYSTEMPATH\Database\BaseBuilder.php(1649): CodeIgniter\Database\BaseConnection->query('SELECT `p`.`idProduct`, `p`.`name`, `p`.`price`, MIN(i.url) AS image_url, `p`.`description`
FROM `products` `p`
LEFT JOIN `images` `i` ON `p`.`idProduct` = `i`.`idProduct`
WHERE `p`.`status` = :p.status:
GROUP BY `p`.`idProduct`, `p`.`name`, `p`.`price`, `p`.`description`
ORDER BY `p`.`idProduct` DESC', [...], false)
 3 APPPATH\Controllers\ProductsController.php(73): CodeIgniter\Database\BaseBuilder->get()
 4 SYSTEMPATH\CodeIgniter.php(933): App\Controllers\ProductsController->getProductsImage()
 5 SYSTEMPATH\CodeIgniter.php(507): CodeIgniter\CodeIgniter->runController(Object(App\Controllers\ProductsController))
 6 SYSTEMPATH\CodeIgniter.php(354): CodeIgniter\CodeIgniter->handleRequest(null, Object(Config\Cache), false)
 7 SYSTEMPATH\Boot.php(334): CodeIgniter\CodeIgniter->run()
 8 SYSTEMPATH\Boot.php(67): CodeIgniter\Boot::runCodeIgniter(Object(CodeIgniter\CodeIgniter))
 9 FCPATH\index.php(63): CodeIgniter\Boot::bootWeb(Object(Config\Paths))
10 SYSTEMPATH\rewrite.php(44): require_once('C:\\xampp\\htdocs\\dietabackweb\\public\\index.php')
ERROR - 2026-01-05 21:36:55 --> Error connecting to the database: mysqli_sql_exception: Host 'localhost' is not allowed to connect to this MariaDB server in C:\xampp\htdocs\dietabackweb\system\Database\MySQLi\Connection.php:201
Stack trace:
#0 C:\xampp\htdocs\dietabackweb\system\Database\MySQLi\Connection.php(201): mysqli->real_connect('localhost', 'root', Object(SensitiveParameterValue), 'auction_bids', 3306, '', 0)
#1 C:\xampp\htdocs\dietabackweb\system\Database\BaseConnection.php(421): CodeIgniter\Database\MySQLi\Connection->connect(false)
#2 C:\xampp\htdocs\dietabackweb\system\Database\BaseConnection.php(620): CodeIgniter\Database\BaseConnection->initialize()
#3 C:\xampp\htdocs\dietabackweb\system\Database\BaseBuilder.php(1649): CodeIgniter\Database\BaseConnection->query('SELECT `p`.`idP...', Array, false)
#4 C:\xampp\htdocs\dietabackweb\app\Controllers\CartController.php(51): CodeIgniter\Database\BaseBuilder->get()
#5 C:\xampp\htdocs\dietabackweb\system\CodeIgniter.php(933): App\Controllers\CartController->getCart('9')
#6 C:\xampp\htdocs\dietabackweb\system\CodeIgniter.php(507): CodeIgniter\CodeIgniter->runController(Object(App\Controllers\CartController))
#7 C:\xampp\htdocs\dietabackweb\system\CodeIgniter.php(354): CodeIgniter\CodeIgniter->handleRequest(NULL, Object(Config\Cache), false)
#8 C:\xampp\htdocs\dietabackweb\system\Boot.php(334): CodeIgniter\CodeIgniter->run()
#9 C:\xampp\htdocs\dietabackweb\system\Boot.php(67): CodeIgniter\Boot::runCodeIgniter(Object(CodeIgniter\CodeIgniter))
#10 C:\xampp\htdocs\dietabackweb\public\index.php(63): CodeIgniter\Boot::bootWeb(Object(Config\Paths))
#11 C:\xampp\htdocs\dietabackweb\system\rewrite.php(44): require_once('C:\\xampp\\htdocs...')
#12 {main}

Next CodeIgniter\Database\Exceptions\DatabaseException: Host 'localhost' is not allowed to connect to this MariaDB server in C:\xampp\htdocs\dietabackweb\system\Database\MySQLi\Connection.php:246
Stack trace:
#0 C:\xampp\htdocs\dietabackweb\system\Database\BaseConnection.php(421): CodeIgniter\Database\MySQLi\Connection->connect(false)
#1 C:\xampp\htdocs\dietabackweb\system\Database\BaseConnection.php(620): CodeIgniter\Database\BaseConnection->initialize()
#2 C:\xampp\htdocs\dietabackweb\system\Database\BaseBuilder.php(1649): CodeIgniter\Database\BaseConnection->query('SELECT `p`.`idP...', Array, false)
#3 C:\xampp\htdocs\dietabackweb\app\Controllers\CartController.php(51): CodeIgniter\Database\BaseBuilder->get()
#4 C:\xampp\htdocs\dietabackweb\system\CodeIgniter.php(933): App\Controllers\CartController->getCart('9')
#5 C:\xampp\htdocs\dietabackweb\system\CodeIgniter.php(507): CodeIgniter\CodeIgniter->runController(Object(App\Controllers\CartController))
#6 C:\xampp\htdocs\dietabackweb\system\CodeIgniter.php(354): CodeIgniter\CodeIgniter->handleRequest(NULL, Object(Config\Cache), false)
#7 C:\xampp\htdocs\dietabackweb\system\Boot.php(334): CodeIgniter\CodeIgniter->run()
#8 C:\xampp\htdocs\dietabackweb\system\Boot.php(67): CodeIgniter\Boot::runCodeIgniter(Object(CodeIgniter\CodeIgniter))
#9 C:\xampp\htdocs\dietabackweb\public\index.php(63): CodeIgniter\Boot::bootWeb(Object(Config\Paths))
#10 C:\xampp\htdocs\dietabackweb\system\rewrite.php(44): require_once('C:\\xampp\\htdocs...')
#11 {main}
CRITICAL - 2026-01-05 21:36:55 --> CodeIgniter\Database\Exceptions\DatabaseException: Unable to connect to the database.
Main connection [MySQLi]: Host 'localhost' is not allowed to connect to this MariaDB server
[Method: GET, Route: cart/get/9]
in SYSTEMPATH\Database\BaseConnection.php on line 467.
 1 SYSTEMPATH\Database\BaseConnection.php(620): CodeIgniter\Database\BaseConnection->initialize()
 2 SYSTEMPATH\Database\BaseBuilder.php(1649): CodeIgniter\Database\BaseConnection->query('SELECT `p`.`idProduct`, `p`.`description`, `p`.`price`, `p`.`name`, `c`.`idCart`, MIN(i.url) AS image_url
FROM `cart` `c`
LEFT JOIN `products` `p` ON `c`.`idProduct` = `p`.`idProduct`
LEFT JOIN `users` `u` ON `c`.`idUser` = `u`.`idUser`
LEFT JOIN `images` `i` ON `c`.`idProduct` = `i`.`idProduct`
WHERE `c`.`idUser` = :c.idUser:
GROUP BY `p`.`idProduct`, `p`.`description`, `p`.`price`, `p`.`name`, `c`.`idCart`', [...], false)
 3 APPPATH\Controllers\CartController.php(51): CodeIgniter\Database\BaseBuilder->get()
 4 SYSTEMPATH\CodeIgniter.php(933): App\Controllers\CartController->getCart('9')
 5 SYSTEMPATH\CodeIgniter.php(507): CodeIgniter\CodeIgniter->runController(Object(App\Controllers\CartController))
 6 SYSTEMPATH\CodeIgniter.php(354): CodeIgniter\CodeIgniter->handleRequest(null, Object(Config\Cache), false)
 7 SYSTEMPATH\Boot.php(334): CodeIgniter\CodeIgniter->run()
 8 SYSTEMPATH\Boot.php(67): CodeIgniter\Boot::runCodeIgniter(Object(CodeIgniter\CodeIgniter))
 9 FCPATH\index.php(63): CodeIgniter\Boot::bootWeb(Object(Config\Paths))
10 SYSTEMPATH\rewrite.php(44): require_once('C:\\xampp\\htdocs\\dietabackweb\\public\\index.php')
ERROR - 2026-01-05 21:36:55 --> Error connecting to the database: mysqli_sql_exception: Host 'localhost' is not allowed to connect to this MariaDB server in C:\xampp\htdocs\dietabackweb\system\Database\MySQLi\Connection.php:201
Stack trace:
#0 C:\xampp\htdocs\dietabackweb\system\Database\MySQLi\Connection.php(201): mysqli->real_connect('localhost', 'root', Object(SensitiveParameterValue), 'auction_bids', 3306, '', 0)
#1 C:\xampp\htdocs\dietabackweb\system\Database\BaseConnection.php(421): CodeIgniter\Database\MySQLi\Connection->connect(false)
#2 C:\xampp\htdocs\dietabackweb\system\Database\BaseConnection.php(620): CodeIgniter\Database\BaseConnection->initialize()
#3 C:\xampp\htdocs\dietabackweb\system\Database\BaseBuilder.php(1649): CodeIgniter\Database\BaseConnection->query('SELECT `p`.`idP...', Array, false)
#4 C:\xampp\htdocs\dietabackweb\app\Controllers\WishListController.php(53): CodeIgniter\Database\BaseBuilder->get()
#5 C:\xampp\htdocs\dietabackweb\system\CodeIgniter.php(933): App\Controllers\WishListController->getWishList('9')
#6 C:\xampp\htdocs\dietabackweb\system\CodeIgniter.php(507): CodeIgniter\CodeIgniter->runController(Object(App\Controllers\WishListController))
#7 C:\xampp\htdocs\dietabackweb\system\CodeIgniter.php(354): CodeIgniter\CodeIgniter->handleRequest(NULL, Object(Config\Cache), false)
#8 C:\xampp\htdocs\dietabackweb\system\Boot.php(334): CodeIgniter\CodeIgniter->run()
#9 C:\xampp\htdocs\dietabackweb\system\Boot.php(67): CodeIgniter\Boot::runCodeIgniter(Object(CodeIgniter\CodeIgniter))
#10 C:\xampp\htdocs\dietabackweb\public\index.php(63): CodeIgniter\Boot::bootWeb(Object(Config\Paths))
#11 C:\xampp\htdocs\dietabackweb\system\rewrite.php(44): require_once('C:\\xampp\\htdocs...')
#12 {main}

Next CodeIgniter\Database\Exceptions\DatabaseException: Host 'localhost' is not allowed to connect to this MariaDB server in C:\xampp\htdocs\dietabackweb\system\Database\MySQLi\Connection.php:246
Stack trace:
#0 C:\xampp\htdocs\dietabackweb\system\Database\BaseConnection.php(421): CodeIgniter\Database\MySQLi\Connection->connect(false)
#1 C:\xampp\htdocs\dietabackweb\system\Database\BaseConnection.php(620): CodeIgniter\Database\BaseConnection->initialize()
#2 C:\xampp\htdocs\dietabackweb\system\Database\BaseBuilder.php(1649): CodeIgniter\Database\BaseConnection->query('SELECT `p`.`idP...', Array, false)
#3 C:\xampp\htdocs\dietabackweb\app\Controllers\WishListController.php(53): CodeIgniter\Database\BaseBuilder->get()
#4 C:\xampp\htdocs\dietabackweb\system\CodeIgniter.php(933): App\Controllers\WishListController->getWishList('9')
#5 C:\xampp\htdocs\dietabackweb\system\CodeIgniter.php(507): CodeIgniter\CodeIgniter->runController(Object(App\Controllers\WishListController))
#6 C:\xampp\htdocs\dietabackweb\system\CodeIgniter.php(354): CodeIgniter\CodeIgniter->handleRequest(NULL, Object(Config\Cache), false)
#7 C:\xampp\htdocs\dietabackweb\system\Boot.php(334): CodeIgniter\CodeIgniter->run()
#8 C:\xampp\htdocs\dietabackweb\system\Boot.php(67): CodeIgniter\Boot::runCodeIgniter(Object(CodeIgniter\CodeIgniter))
#9 C:\xampp\htdocs\dietabackweb\public\index.php(63): CodeIgniter\Boot::bootWeb(Object(Config\Paths))
#10 C:\xampp\htdocs\dietabackweb\system\rewrite.php(44): require_once('C:\\xampp\\htdocs...')
#11 {main}
CRITICAL - 2026-01-05 21:36:55 --> CodeIgniter\Database\Exceptions\DatabaseException: Unable to connect to the database.
Main connection [MySQLi]: Host 'localhost' is not allowed to connect to this MariaDB server
[Method: GET, Route: wishlist/get/9]
in SYSTEMPATH\Database\BaseConnection.php on line 467.
 1 SYSTEMPATH\Database\BaseConnection.php(620): CodeIgniter\Database\BaseConnection->initialize()
 2 SYSTEMPATH\Database\BaseBuilder.php(1649): CodeIgniter\Database\BaseConnection->query('SELECT `p`.`idProduct`, `p`.`description`, `u`.`name` AS `userName`, `u`.`lastName`, `u`.`email`, `p`.`name`, `p`.`price`, `c`.`idWishList`, MIN(i.url) AS image_url
FROM `wishlist` `c`
LEFT JOIN `products` `p` ON `c`.`idProduct` = `p`.`idProduct`
LEFT JOIN `users` `u` ON `c`.`idUser` = `u`.`idUser`
LEFT JOIN `images` `i` ON `c`.`idProduct` = `i`.`idProduct`
WHERE `c`.`idUser` = :c.idUser:
AND `p`.`status` = :p.status:
GROUP BY `p`.`idProduct`, `p`.`description`, `p`.`name`, `p`.`price`, `c`.`idWishList`, `u`.`lastName`, `u`.`email`', [...], false)
 3 APPPATH\Controllers\WishListController.php(53): CodeIgniter\Database\BaseBuilder->get()
 4 SYSTEMPATH\CodeIgniter.php(933): App\Controllers\WishListController->getWishList('9')
 5 SYSTEMPATH\CodeIgniter.php(507): CodeIgniter\CodeIgniter->runController(Object(App\Controllers\WishListController))
 6 SYSTEMPATH\CodeIgniter.php(354): CodeIgniter\CodeIgniter->handleRequest(null, Object(Config\Cache), false)
 7 SYSTEMPATH\Boot.php(334): CodeIgniter\CodeIgniter->run()
 8 SYSTEMPATH\Boot.php(67): CodeIgniter\Boot::runCodeIgniter(Object(CodeIgniter\CodeIgniter))
 9 FCPATH\index.php(63): CodeIgniter\Boot::bootWeb(Object(Config\Paths))
10 SYSTEMPATH\rewrite.php(44): require_once('C:\\xampp\\htdocs\\dietabackweb\\public\\index.php')
ERROR - 2026-01-05 21:36:56 --> Error connecting to the database: mysqli_sql_exception: Host 'localhost' is not allowed to connect to this MariaDB server in C:\xampp\htdocs\dietabackweb\system\Database\MySQLi\Connection.php:201
Stack trace:
#0 C:\xampp\htdocs\dietabackweb\system\Database\MySQLi\Connection.php(201): mysqli->real_connect('localhost', 'root', Object(SensitiveParameterValue), 'auction_bids', 3306, '', 0)
#1 C:\xampp\htdocs\dietabackweb\system\Database\BaseConnection.php(421): CodeIgniter\Database\MySQLi\Connection->connect(false)
#2 C:\xampp\htdocs\dietabackweb\system\Database\BaseConnection.php(620): CodeIgniter\Database\BaseConnection->initialize()
#3 C:\xampp\htdocs\dietabackweb\system\Database\BaseBuilder.php(1649): CodeIgniter\Database\BaseConnection->query('SELECT *\nFROM `...', Array, false)
#4 C:\xampp\htdocs\dietabackweb\system\Model.php(286): CodeIgniter\Database\BaseBuilder->get()
#5 C:\xampp\htdocs\dietabackweb\system\BaseModel.php(675): CodeIgniter\Model->doFindAll(0, 0)
#6 C:\xampp\htdocs\dietabackweb\app\Controllers\BannersController.php(20): CodeIgniter\BaseModel->findAll()
#7 C:\xampp\htdocs\dietabackweb\system\CodeIgniter.php(933): App\Controllers\BannersController->index()
#8 C:\xampp\htdocs\dietabackweb\system\CodeIgniter.php(507): CodeIgniter\CodeIgniter->runController(Object(App\Controllers\BannersController))
#9 C:\xampp\htdocs\dietabackweb\system\CodeIgniter.php(354): CodeIgniter\CodeIgniter->handleRequest(NULL, Object(Config\Cache), false)
#10 C:\xampp\htdocs\dietabackweb\system\Boot.php(334): CodeIgniter\CodeIgniter->run()
#11 C:\xampp\htdocs\dietabackweb\system\Boot.php(67): CodeIgniter\Boot::runCodeIgniter(Object(CodeIgniter\CodeIgniter))
#12 C:\xampp\htdocs\dietabackweb\public\index.php(63): CodeIgniter\Boot::bootWeb(Object(Config\Paths))
#13 C:\xampp\htdocs\dietabackweb\system\rewrite.php(44): require_once('C:\\xampp\\htdocs...')
#14 {main}

Next CodeIgniter\Database\Exceptions\DatabaseException: Host 'localhost' is not allowed to connect to this MariaDB server in C:\xampp\htdocs\dietabackweb\system\Database\MySQLi\Connection.php:246
Stack trace:
#0 C:\xampp\htdocs\dietabackweb\system\Database\BaseConnection.php(421): CodeIgniter\Database\MySQLi\Connection->connect(false)
#1 C:\xampp\htdocs\dietabackweb\system\Database\BaseConnection.php(620): CodeIgniter\Database\BaseConnection->initialize()
#2 C:\xampp\htdocs\dietabackweb\system\Database\BaseBuilder.php(1649): CodeIgniter\Database\BaseConnection->query('SELECT *\nFROM `...', Array, false)
#3 C:\xampp\htdocs\dietabackweb\system\Model.php(286): CodeIgniter\Database\BaseBuilder->get()
#4 C:\xampp\htdocs\dietabackweb\system\BaseModel.php(675): CodeIgniter\Model->doFindAll(0, 0)
#5 C:\xampp\htdocs\dietabackweb\app\Controllers\BannersController.php(20): CodeIgniter\BaseModel->findAll()
#6 C:\xampp\htdocs\dietabackweb\system\CodeIgniter.php(933): App\Controllers\BannersController->index()
#7 C:\xampp\htdocs\dietabackweb\system\CodeIgniter.php(507): CodeIgniter\CodeIgniter->runController(Object(App\Controllers\BannersController))
#8 C:\xampp\htdocs\dietabackweb\system\CodeIgniter.php(354): CodeIgniter\CodeIgniter->handleRequest(NULL, Object(Config\Cache), false)
#9 C:\xampp\htdocs\dietabackweb\system\Boot.php(334): CodeIgniter\CodeIgniter->run()
#10 C:\xampp\htdocs\dietabackweb\system\Boot.php(67): CodeIgniter\Boot::runCodeIgniter(Object(CodeIgniter\CodeIgniter))
#11 C:\xampp\htdocs\dietabackweb\public\index.php(63): CodeIgniter\Boot::bootWeb(Object(Config\Paths))
#12 C:\xampp\htdocs\dietabackweb\system\rewrite.php(44): require_once('C:\\xampp\\htdocs...')
#13 {main}
CRITICAL - 2026-01-05 21:36:56 --> CodeIgniter\Database\Exceptions\DatabaseException: Unable to connect to the database.
Main connection [MySQLi]: Host 'localhost' is not allowed to connect to this MariaDB server
[Method: GET, Route: banners]
in SYSTEMPATH\Database\BaseConnection.php on line 467.
 1 SYSTEMPATH\Database\BaseConnection.php(620): CodeIgniter\Database\BaseConnection->initialize()
 2 SYSTEMPATH\Database\BaseBuilder.php(1649): CodeIgniter\Database\BaseConnection->query('SELECT *
FROM `banners`', [], false)
 3 SYSTEMPATH\Model.php(286): CodeIgniter\Database\BaseBuilder->get()
 4 SYSTEMPATH\BaseModel.php(675): CodeIgniter\Model->doFindAll(0, 0)
 5 APPPATH\Controllers\BannersController.php(20): CodeIgniter\BaseModel->findAll()
 6 SYSTEMPATH\CodeIgniter.php(933): App\Controllers\BannersController->index()
 7 SYSTEMPATH\CodeIgniter.php(507): CodeIgniter\CodeIgniter->runController(Object(App\Controllers\BannersController))
 8 SYSTEMPATH\CodeIgniter.php(354): CodeIgniter\CodeIgniter->handleRequest(null, Object(Config\Cache), false)
 9 SYSTEMPATH\Boot.php(334): CodeIgniter\CodeIgniter->run()
10 SYSTEMPATH\Boot.php(67): CodeIgniter\Boot::runCodeIgniter(Object(CodeIgniter\CodeIgniter))
11 FCPATH\index.php(63): CodeIgniter\Boot::bootWeb(Object(Config\Paths))
12 SYSTEMPATH\rewrite.php(44): require_once('C:\\xampp\\htdocs\\dietabackweb\\public\\index.php')
ERROR - 2026-01-05 21:36:56 --> Error connecting to the database: mysqli_sql_exception: Host 'localhost' is not allowed to connect to this MariaDB server in C:\xampp\htdocs\dietabackweb\system\Database\MySQLi\Connection.php:201
Stack trace:
#0 C:\xampp\htdocs\dietabackweb\system\Database\MySQLi\Connection.php(201): mysqli->real_connect('localhost', 'root', Object(SensitiveParameterValue), 'auction_bids', 3306, '', 0)
#1 C:\xampp\htdocs\dietabackweb\system\Database\BaseConnection.php(421): CodeIgniter\Database\MySQLi\Connection->connect(false)
#2 C:\xampp\htdocs\dietabackweb\system\Database\BaseConnection.php(620): CodeIgniter\Database\BaseConnection->initialize()
#3 C:\xampp\htdocs\dietabackweb\system\Database\BaseBuilder.php(1649): CodeIgniter\Database\BaseConnection->query('SELECT `c`.`idC...', Array, false)
#4 C:\xampp\htdocs\dietabackweb\app\Controllers\CategoriesController.php(33): CodeIgniter\Database\BaseBuilder->get()
#5 C:\xampp\htdocs\dietabackweb\system\CodeIgniter.php(933): App\Controllers\CategoriesController->getCategories()
#6 C:\xampp\htdocs\dietabackweb\system\CodeIgniter.php(507): CodeIgniter\CodeIgniter->runController(Object(App\Controllers\CategoriesController))
#7 C:\xampp\htdocs\dietabackweb\system\CodeIgniter.php(354): CodeIgniter\CodeIgniter->handleRequest(NULL, Object(Config\Cache), false)
#8 C:\xampp\htdocs\dietabackweb\system\Boot.php(334): CodeIgniter\CodeIgniter->run()
#9 C:\xampp\htdocs\dietabackweb\system\Boot.php(67): CodeIgniter\Boot::runCodeIgniter(Object(CodeIgniter\CodeIgniter))
#10 C:\xampp\htdocs\dietabackweb\public\index.php(63): CodeIgniter\Boot::bootWeb(Object(Config\Paths))
#11 C:\xampp\htdocs\dietabackweb\system\rewrite.php(44): require_once('C:\\xampp\\htdocs...')
#12 {main}

Next CodeIgniter\Database\Exceptions\DatabaseException: Host 'localhost' is not allowed to connect to this MariaDB server in C:\xampp\htdocs\dietabackweb\system\Database\MySQLi\Connection.php:246
Stack trace:
#0 C:\xampp\htdocs\dietabackweb\system\Database\BaseConnection.php(421): CodeIgniter\Database\MySQLi\Connection->connect(false)
#1 C:\xampp\htdocs\dietabackweb\system\Database\BaseConnection.php(620): CodeIgniter\Database\BaseConnection->initialize()
#2 C:\xampp\htdocs\dietabackweb\system\Database\BaseBuilder.php(1649): CodeIgniter\Database\BaseConnection->query('SELECT `c`.`idC...', Array, false)
#3 C:\xampp\htdocs\dietabackweb\app\Controllers\CategoriesController.php(33): CodeIgniter\Database\BaseBuilder->get()
#4 C:\xampp\htdocs\dietabackweb\system\CodeIgniter.php(933): App\Controllers\CategoriesController->getCategories()
#5 C:\xampp\htdocs\dietabackweb\system\CodeIgniter.php(507): CodeIgniter\CodeIgniter->runController(Object(App\Controllers\CategoriesController))
#6 C:\xampp\htdocs\dietabackweb\system\CodeIgniter.php(354): CodeIgniter\CodeIgniter->handleRequest(NULL, Object(Config\Cache), false)
#7 C:\xampp\htdocs\dietabackweb\system\Boot.php(334): CodeIgniter\CodeIgniter->run()
#8 C:\xampp\htdocs\dietabackweb\system\Boot.php(67): CodeIgniter\Boot::runCodeIgniter(Object(CodeIgniter\CodeIgniter))
#9 C:\xampp\htdocs\dietabackweb\public\index.php(63): CodeIgniter\Boot::bootWeb(Object(Config\Paths))
#10 C:\xampp\htdocs\dietabackweb\system\rewrite.php(44): require_once('C:\\xampp\\htdocs...')
#11 {main}
CRITICAL - 2026-01-05 21:36:56 --> CodeIgniter\Database\Exceptions\DatabaseException: Unable to connect to the database.
Main connection [MySQLi]: Host 'localhost' is not allowed to connect to this MariaDB server
[Method: GET, Route: categories/active]
in SYSTEMPATH\Database\BaseConnection.php on line 467.
 1 SYSTEMPATH\Database\BaseConnection.php(620): CodeIgniter\Database\BaseConnection->initialize()
 2 SYSTEMPATH\Database\BaseBuilder.php(1649): CodeIgniter\Database\BaseConnection->query('SELECT `c`.`idCategory`, `c`.`name`, `c`.`image`, `c`.`url`, COUNT(p.idProduct) AS total_productos
FROM `categories` `c`
LEFT JOIN `products` `p` ON `c`.`idCategory` = `p`.`idCategory` and `p`.`status` = 1
GROUP BY `c`.`idCategory`, `c`.`name`, `c`.`image`, `c`.`url`', [], false)
 3 APPPATH\Controllers\CategoriesController.php(33): CodeIgniter\Database\BaseBuilder->get()
 4 SYSTEMPATH\CodeIgniter.php(933): App\Controllers\CategoriesController->getCategories()
 5 SYSTEMPATH\CodeIgniter.php(507): CodeIgniter\CodeIgniter->runController(Object(App\Controllers\CategoriesController))
 6 SYSTEMPATH\CodeIgniter.php(354): CodeIgniter\CodeIgniter->handleRequest(null, Object(Config\Cache), false)
 7 SYSTEMPATH\Boot.php(334): CodeIgniter\CodeIgniter->run()
 8 SYSTEMPATH\Boot.php(67): CodeIgniter\Boot::runCodeIgniter(Object(CodeIgniter\CodeIgniter))
 9 FCPATH\index.php(63): CodeIgniter\Boot::bootWeb(Object(Config\Paths))
10 SYSTEMPATH\rewrite.php(44): require_once('C:\\xampp\\htdocs\\dietabackweb\\public\\index.php')
ERROR - 2026-01-05 21:36:56 --> Error connecting to the database: mysqli_sql_exception: Host 'localhost' is not allowed to connect to this MariaDB server in C:\xampp\htdocs\dietabackweb\system\Database\MySQLi\Connection.php:201
Stack trace:
#0 C:\xampp\htdocs\dietabackweb\system\Database\MySQLi\Connection.php(201): mysqli->real_connect('localhost', 'root', Object(SensitiveParameterValue), 'auction_bids', 3306, '', 0)
#1 C:\xampp\htdocs\dietabackweb\system\Database\BaseConnection.php(421): CodeIgniter\Database\MySQLi\Connection->connect(false)
#2 C:\xampp\htdocs\dietabackweb\system\Database\BaseConnection.php(620): CodeIgniter\Database\BaseConnection->initialize()
#3 C:\xampp\htdocs\dietabackweb\system\Database\BaseBuilder.php(1649): CodeIgniter\Database\BaseConnection->query('SELECT `p`.`idP...', Array, false)
#4 C:\xampp\htdocs\dietabackweb\app\Controllers\ProductsController.php(73): CodeIgniter\Database\BaseBuilder->get()
#5 C:\xampp\htdocs\dietabackweb\system\CodeIgniter.php(933): App\Controllers\ProductsController->getProductsImage()
#6 C:\xampp\htdocs\dietabackweb\system\CodeIgniter.php(507): CodeIgniter\CodeIgniter->runController(Object(App\Controllers\ProductsController))
#7 C:\xampp\htdocs\dietabackweb\system\CodeIgniter.php(354): CodeIgniter\CodeIgniter->handleRequest(NULL, Object(Config\Cache), false)
#8 C:\xampp\htdocs\dietabackweb\system\Boot.php(334): CodeIgniter\CodeIgniter->run()
#9 C:\xampp\htdocs\dietabackweb\system\Boot.php(67): CodeIgniter\Boot::runCodeIgniter(Object(CodeIgniter\CodeIgniter))
#10 C:\xampp\htdocs\dietabackweb\public\index.php(63): CodeIgniter\Boot::bootWeb(Object(Config\Paths))
#11 C:\xampp\htdocs\dietabackweb\system\rewrite.php(44): require_once('C:\\xampp\\htdocs...')
#12 {main}

Next CodeIgniter\Database\Exceptions\DatabaseException: Host 'localhost' is not allowed to connect to this MariaDB server in C:\xampp\htdocs\dietabackweb\system\Database\MySQLi\Connection.php:246
Stack trace:
#0 C:\xampp\htdocs\dietabackweb\system\Database\BaseConnection.php(421): CodeIgniter\Database\MySQLi\Connection->connect(false)
#1 C:\xampp\htdocs\dietabackweb\system\Database\BaseConnection.php(620): CodeIgniter\Database\BaseConnection->initialize()
#2 C:\xampp\htdocs\dietabackweb\system\Database\BaseBuilder.php(1649): CodeIgniter\Database\BaseConnection->query('SELECT `p`.`idP...', Array, false)
#3 C:\xampp\htdocs\dietabackweb\app\Controllers\ProductsController.php(73): CodeIgniter\Database\BaseBuilder->get()
#4 C:\xampp\htdocs\dietabackweb\system\CodeIgniter.php(933): App\Controllers\ProductsController->getProductsImage()
#5 C:\xampp\htdocs\dietabackweb\system\CodeIgniter.php(507): CodeIgniter\CodeIgniter->runController(Object(App\Controllers\ProductsController))
#6 C:\xampp\htdocs\dietabackweb\system\CodeIgniter.php(354): CodeIgniter\CodeIgniter->handleRequest(NULL, Object(Config\Cache), false)
#7 C:\xampp\htdocs\dietabackweb\system\Boot.php(334): CodeIgniter\CodeIgniter->run()
#8 C:\xampp\htdocs\dietabackweb\system\Boot.php(67): CodeIgniter\Boot::runCodeIgniter(Object(CodeIgniter\CodeIgniter))
#9 C:\xampp\htdocs\dietabackweb\public\index.php(63): CodeIgniter\Boot::bootWeb(Object(Config\Paths))
#10 C:\xampp\htdocs\dietabackweb\system\rewrite.php(44): require_once('C:\\xampp\\htdocs...')
#11 {main}
CRITICAL - 2026-01-05 21:36:56 --> CodeIgniter\Database\Exceptions\DatabaseException: Unable to connect to the database.
Main connection [MySQLi]: Host 'localhost' is not allowed to connect to this MariaDB server
[Method: GET, Route: products/categories]
in SYSTEMPATH\Database\BaseConnection.php on line 467.
 1 SYSTEMPATH\Database\BaseConnection.php(620): CodeIgniter\Database\BaseConnection->initialize()
 2 SYSTEMPATH\Database\BaseBuilder.php(1649): CodeIgniter\Database\BaseConnection->query('SELECT `p`.`idProduct`, `p`.`name`, `p`.`price`, MIN(i.url) AS image_url, `p`.`description`
FROM `products` `p`
LEFT JOIN `images` `i` ON `p`.`idProduct` = `i`.`idProduct`
WHERE `p`.`status` = :p.status:
GROUP BY `p`.`idProduct`, `p`.`name`, `p`.`price`, `p`.`description`
ORDER BY `p`.`idProduct` DESC', [...], false)
 3 APPPATH\Controllers\ProductsController.php(73): CodeIgniter\Database\BaseBuilder->get()
 4 SYSTEMPATH\CodeIgniter.php(933): App\Controllers\ProductsController->getProductsImage()
 5 SYSTEMPATH\CodeIgniter.php(507): CodeIgniter\CodeIgniter->runController(Object(App\Controllers\ProductsController))
 6 SYSTEMPATH\CodeIgniter.php(354): CodeIgniter\CodeIgniter->handleRequest(null, Object(Config\Cache), false)
 7 SYSTEMPATH\Boot.php(334): CodeIgniter\CodeIgniter->run()
 8 SYSTEMPATH\Boot.php(67): CodeIgniter\Boot::runCodeIgniter(Object(CodeIgniter\CodeIgniter))
 9 FCPATH\index.php(63): CodeIgniter\Boot::bootWeb(Object(Config\Paths))
10 SYSTEMPATH\rewrite.php(44): require_once('C:\\xampp\\htdocs\\dietabackweb\\public\\index.php')
CRITICAL - 2026-01-05 22:12:29 --> Error: Class "App\Controllers\ResponseInterface" not found
[Method: GET, Route: api/factura/types]
in APPPATH\Controllers\InvoiceController.php on line 139.
 1 SYSTEMPATH\CodeIgniter.php(933): App\Controllers\InvoiceController->getTypes()
 2 SYSTEMPATH\CodeIgniter.php(507): CodeIgniter\CodeIgniter->runController(Object(App\Controllers\InvoiceController))
 3 SYSTEMPATH\CodeIgniter.php(354): CodeIgniter\CodeIgniter->handleRequest(null, Object(Config\Cache), false)
 4 SYSTEMPATH\Boot.php(334): CodeIgniter\CodeIgniter->run()
 5 SYSTEMPATH\Boot.php(67): CodeIgniter\Boot::runCodeIgniter(Object(CodeIgniter\CodeIgniter))
 6 FCPATH\index.php(63): CodeIgniter\Boot::bootWeb(Object(Config\Paths))
 7 SYSTEMPATH\rewrite.php(44): require_once('C:\\xampp\\htdocs\\dietabackweb\\public\\index.php')
